<?xml version="1.0" encoding="UTF-8"?>

<Basic xmlns="http://hl7.org/fhir">
  <id value="HealthWorker"/>
  <meta>
    <profile value="http://smart.who.int/smart-base/StructureDefinition/SGPersona"/>
  </meta>
  <text>
    <status value="generated"/><div xmlns="http://www.w3.org/1999/xhtml"><table class="grid"><tr><td><b>Actor: HealthcareWorker </b></td><td>Healthcare Worker</td><td>Type: person </td></tr><tr><td colspan="3"/></tr></table></div>
  </text>
  <extension url="http://hl7.org/fhir/5.0/StructureDefinition/extension-ActorDefinition.url">
    <valueUri value="http://smart.who.int/immunizations-measles/ActorDefinition/HealthWorker"/>
  </extension>
  <extension url="http://hl7.org/fhir/5.0/StructureDefinition/extension-ActorDefinition.version">
    <valueString value="0.1.0"/>
  </extension>
  <extension url="http://hl7.org/fhir/5.0/StructureDefinition/extension-ActorDefinition.name">
    <valueString value="HealthcareWorker"/>
  </extension>
  <extension url="http://hl7.org/fhir/5.0/StructureDefinition/extension-ActorDefinition.title">
    <valueString value="Healthcare Worker"/>
  </extension>
  <extension url="http://hl7.org/fhir/5.0/StructureDefinition/extension-ActorDefinition.status">
    <valueCode value="draft"/>
  </extension>
  <extension url="http://hl7.org/fhir/5.0/StructureDefinition/extension-ActorDefinition.experimental">
    <valueBoolean value="false"/>
  </extension>
  <extension url="http://hl7.org/fhir/5.0/StructureDefinition/extension-ActorDefinition.date">
    <valueDateTime value="2024-05-10T17:24:11+00:00"/>
  </extension>
  <extension url="http://hl7.org/fhir/5.0/StructureDefinition/extension-ActorDefinition.publisher">
    <valueString value="WHO"/>
  </extension>
  <extension url="http://hl7.org/fhir/5.0/StructureDefinition/extension-ActorDefinition.contact">
    <valueContactDetail>
      <name value="WHO"/>
      <telecom>
        <system value="url"/>
        <value value="http://who.int"/>
      </telecom>
    </valueContactDetail>
  </extension>
  <extension url="http://hl7.org/fhir/5.0/StructureDefinition/extension-ActorDefinition.description">
    <valueMarkdown value="Health workers facilitate education sessions, administers immunizations, provide counselling when needed, record stock movements, and compiles/generates reports."/>
  </extension>
  <extension url="http://hl7.org/fhir/5.0/StructureDefinition/extension-ActorDefinition.type">
    <valueCode value="person"/>
  </extension>
  <identifier>
    <value value="HW"/>
  </identifier>
  <code>
    <coding>
      <system value="http://hl7.org/fhir/fhir-types"/>
      <code value="ActorDefinition"/>
    </coding>
  </code>
</Basic>