<?xml version="1.0" encoding="UTF-8"?>

<CodeSystem xmlns="http://hl7.org/fhir">
  <id value="IMMZ.C"/>
  <meta>
    <lastUpdated value="2024-05-07T18:34:57.005077Z"/>
  </meta>
  <language value="en"/>
  <text>
    <status value="generated"/><div xmlns="http://www.w3.org/1999/xhtml"><p>This case-insensitive code system <code>http://smart.who.int/immunizations-measles/CodeSystem/IMMZ.C</code> defines the following codes:</p><table class="codes"><tr><td style="white-space:nowrap"><b>Code</b></td><td><b>Display</b></td><td><b>Definition</b></td></tr><tr><td style="white-space:nowrap">DE1<a name="IMMZ.C-DE1"> </a></td><td>Unique identifier</td><td>Unique identifier for the client, according to the policies applicable to each country. There can be more than one unique identifier used to link records (e.g. national ID, health ID, immunization information system ID, medical record ID).</td></tr><tr><td style="white-space:nowrap">DE2<a name="IMMZ.C-DE2"> </a></td><td>Name</td><td>The full name of the client</td></tr><tr><td style="white-space:nowrap">DE3<a name="IMMZ.C-DE3"> </a></td><td>First name</td><td>Client's first name or given name</td></tr><tr><td style="white-space:nowrap">DE4<a name="IMMZ.C-DE4"> </a></td><td>Family name</td><td>Client's family name or last name</td></tr><tr><td style="white-space:nowrap">DE5<a name="IMMZ.C-DE5"> </a></td><td>Sex</td><td>Documentation of a specific instance of sex information for the client</td></tr><tr><td style="white-space:nowrap">DE6<a name="IMMZ.C-DE6"> </a></td><td>Male</td><td>Client's biological sex is male</td></tr><tr><td style="white-space:nowrap">DE7<a name="IMMZ.C-DE7"> </a></td><td>Female</td><td>Client's biological sex is female</td></tr><tr><td style="white-space:nowrap">DE8<a name="IMMZ.C-DE8"> </a></td><td>Biological sex not specified</td><td>Client's biological sex is not specified</td></tr><tr><td style="white-space:nowrap">DE9<a name="IMMZ.C-DE9"> </a></td><td>Intersex</td><td>Client's biological sex is intersex</td></tr><tr><td style="white-space:nowrap">DE10<a name="IMMZ.C-DE10"> </a></td><td>Date of birth</td><td>Client's date of birth (DOB) if known; if unknown, use assigned DOB for administrative purposes</td></tr><tr><td style="white-space:nowrap">DE13<a name="IMMZ.C-DE13"> </a></td><td>Age</td><td>The client's calculated age (presented as number of years, months, days) based on the date of birth (DOB) and the visit date</td></tr><tr><td style="white-space:nowrap">DE14<a name="IMMZ.C-DE14"> </a></td><td>Caregivers (multiple)</td><td>The client's caregiver (person) which could be next of kin (e.g. partner, husband, mother, sibling, etc.)</td></tr><tr><td style="white-space:nowrap">DE15<a name="IMMZ.C-DE15"> </a></td><td>Caregiver's full name</td><td>The full name of the client's caregiver</td></tr><tr><td style="white-space:nowrap">DE16<a name="IMMZ.C-DE16"> </a></td><td>Caregiver's first name</td><td>First or given name of the client's caregiver</td></tr><tr><td style="white-space:nowrap">DE17<a name="IMMZ.C-DE17"> </a></td><td>Caregiver's family name</td><td>Family name or last name of the client's caregiver</td></tr><tr><td style="white-space:nowrap">DE18<a name="IMMZ.C-DE18"> </a></td><td>Contact phone number</td><td>Client's phone number</td></tr><tr><td style="white-space:nowrap">DE19<a name="IMMZ.C-DE19"> </a></td><td>Administrative area</td><td>The name of the city/municipality/town/village of where the client lives</td></tr><tr><td style="white-space:nowrap">DE20<a name="IMMZ.C-DE20"> </a></td><td>Active health worker</td><td>Is the client an active and participating health worker. This data element is used mainly for reporting and indicators purposes.</td></tr></table></div>
  </text>
  <url value="http://smart.who.int/immunizations-measles/CodeSystem/IMMZ.C"/>
  <identifier>
    <type>
      <coding>
        <system value="http://hl7.org/fhir/v2/0203"/>
        <code value="ACSN"/>
        <display value="Accession ID"/>
      </coding>
      <text value="Accession ID"/>
    </type>
    <system value="https://api.staging.openconceptlab.org"/>
    <value value="/orgs/WHO-SMART-Measles-Test/CodeSystem/IMMZ.C/"/>
  </identifier>
  <version value="0.1.0"/>
  <name value="IMMZ_C"/>
  <title value="IMMZ.C CodeSystem for Data Elements"/>
  <status value="draft"/>
  <experimental value="false"/>
  <date value="2024-05-10T17:24:11+00:00"/>
  <publisher value="WHO"/>
  <contact>
    <name value="WHO"/>
    <telecom>
      <system value="url"/>
      <value value="http://who.int"/>
    </telecom>
  </contact>
  <description value="CodeSystem for IMMZ.C Data Elements"/>
  <caseSensitive value="false"/>
  <content value="complete"/>
  <count value="18"/>
  <property>
    <code value="conceptclass"/>
    <uri value="https://api.staging.openconceptlab.org/orgs/OCL/sources/Classes/concepts"/>
    <description value="Standard list of concept classes."/>
    <type value="string"/>
  </property>
  <property>
    <code value="datatype"/>
    <uri value="https://api.staging.openconceptlab.org/orgs/OCL/sources/Datatypes/concepts"/>
    <description value="Standard list of concept datatypes."/>
    <type value="string"/>
  </property>
  <property>
    <code value="inactive"/>
    <uri value="http://hl7.org/fhir/concept-properties"/>
    <description value="True if the concept is not considered active."/>
    <type value="Coding"/>
  </property>
  <concept>
    <code value="DE1"/>
    <display value="Unique identifier"/>
    <definition value="Unique identifier for the client, according to the policies applicable to each country. There can be more than one unique identifier used to link records (e.g. national ID, health ID, immunization information system ID, medical record ID)."/>
    <designation>
      <language value="en"/>
      <value value="Unique identifier"/>
    </designation>
    <property>
      <code value="conceptclass"/>
      <valueString value="Misc"/>
    </property>
    <property>
      <code value="datatype"/>
      <valueString value="N/A"/>
    </property>
  </concept>
  <concept>
    <code value="DE2"/>
    <display value="Name"/>
    <definition value="The full name of the client"/>
    <designation>
      <language value="en"/>
      <value value="Name"/>
    </designation>
    <property>
      <code value="conceptclass"/>
      <valueString value="Misc"/>
    </property>
    <property>
      <code value="datatype"/>
      <valueString value="N/A"/>
    </property>
  </concept>
  <concept>
    <code value="DE3"/>
    <display value="First name"/>
    <definition value="Client's first name or given name"/>
    <designation>
      <language value="en"/>
      <value value="First name"/>
    </designation>
    <property>
      <code value="conceptclass"/>
      <valueString value="Misc"/>
    </property>
    <property>
      <code value="datatype"/>
      <valueString value="N/A"/>
    </property>
  </concept>
  <concept>
    <code value="DE4"/>
    <display value="Family name"/>
    <definition value="Client's family name or last name"/>
    <designation>
      <language value="en"/>
      <value value="Family name"/>
    </designation>
    <property>
      <code value="conceptclass"/>
      <valueString value="Misc"/>
    </property>
    <property>
      <code value="datatype"/>
      <valueString value="N/A"/>
    </property>
  </concept>
  <concept>
    <code value="DE5"/>
    <display value="Sex"/>
    <definition value="Documentation of a specific instance of sex information for the client"/>
    <designation>
      <language value="en"/>
      <value value="Sex"/>
    </designation>
    <property>
      <code value="conceptclass"/>
      <valueString value="Misc"/>
    </property>
    <property>
      <code value="datatype"/>
      <valueString value="N/A"/>
    </property>
  </concept>
  <concept>
    <code value="DE6"/>
    <display value="Male"/>
    <definition value="Client's biological sex is male"/>
    <designation>
      <language value="en"/>
      <value value="Male"/>
    </designation>
    <property>
      <code value="conceptclass"/>
      <valueString value="Misc"/>
    </property>
    <property>
      <code value="datatype"/>
      <valueString value="N/A"/>
    </property>
  </concept>
  <concept>
    <code value="DE7"/>
    <display value="Female"/>
    <definition value="Client's biological sex is female"/>
    <designation>
      <language value="en"/>
      <value value="Female"/>
    </designation>
    <property>
      <code value="conceptclass"/>
      <valueString value="Misc"/>
    </property>
    <property>
      <code value="datatype"/>
      <valueString value="N/A"/>
    </property>
  </concept>
  <concept>
    <code value="DE8"/>
    <display value="Biological sex not specified"/>
    <definition value="Client's biological sex is not specified"/>
    <designation>
      <language value="en"/>
      <value value="Biological sex not specified"/>
    </designation>
    <property>
      <code value="conceptclass"/>
      <valueString value="Misc"/>
    </property>
    <property>
      <code value="datatype"/>
      <valueString value="N/A"/>
    </property>
  </concept>
  <concept>
    <code value="DE9"/>
    <display value="Intersex"/>
    <definition value="Client's biological sex is intersex"/>
    <designation>
      <language value="en"/>
      <value value="Intersex"/>
    </designation>
    <property>
      <code value="conceptclass"/>
      <valueString value="Misc"/>
    </property>
    <property>
      <code value="datatype"/>
      <valueString value="N/A"/>
    </property>
  </concept>
  <concept>
    <code value="DE10"/>
    <display value="Date of birth"/>
    <definition value="Client's date of birth (DOB) if known; if unknown, use assigned DOB for administrative purposes"/>
    <designation>
      <language value="en"/>
      <value value="Date of birth"/>
    </designation>
    <property>
      <code value="conceptclass"/>
      <valueString value="Misc"/>
    </property>
    <property>
      <code value="datatype"/>
      <valueString value="N/A"/>
    </property>
  </concept>
  <concept>
    <code value="DE13"/>
    <display value="Age"/>
    <definition value="The client's calculated age (presented as number of years, months, days) based on the date of birth (DOB) and the visit date"/>
    <designation>
      <language value="en"/>
      <value value="Age"/>
    </designation>
    <property>
      <code value="conceptclass"/>
      <valueString value="Misc"/>
    </property>
    <property>
      <code value="datatype"/>
      <valueString value="N/A"/>
    </property>
  </concept>
  <concept>
    <code value="DE14"/>
    <display value="Caregivers (multiple)"/>
    <definition value="The client's caregiver (person) which could be next of kin (e.g. partner, husband, mother, sibling, etc.)"/>
    <designation>
      <language value="en"/>
      <value value="Caregivers (multiple)"/>
    </designation>
    <property>
      <code value="conceptclass"/>
      <valueString value="Misc"/>
    </property>
    <property>
      <code value="datatype"/>
      <valueString value="N/A"/>
    </property>
  </concept>
  <concept>
    <code value="DE15"/>
    <display value="Caregiver's full name"/>
    <definition value="The full name of the client's caregiver"/>
    <designation>
      <language value="en"/>
      <value value="Caregiver's full name"/>
    </designation>
    <property>
      <code value="conceptclass"/>
      <valueString value="Misc"/>
    </property>
    <property>
      <code value="datatype"/>
      <valueString value="N/A"/>
    </property>
  </concept>
  <concept>
    <code value="DE16"/>
    <display value="Caregiver's first name"/>
    <definition value="First or given name of the client's caregiver"/>
    <designation>
      <language value="en"/>
      <value value="Caregiver's first name"/>
    </designation>
    <property>
      <code value="conceptclass"/>
      <valueString value="Misc"/>
    </property>
    <property>
      <code value="datatype"/>
      <valueString value="N/A"/>
    </property>
  </concept>
  <concept>
    <code value="DE17"/>
    <display value="Caregiver's family name"/>
    <definition value="Family name or last name of the client's caregiver"/>
    <designation>
      <language value="en"/>
      <value value="Caregiver's family name"/>
    </designation>
    <property>
      <code value="conceptclass"/>
      <valueString value="Misc"/>
    </property>
    <property>
      <code value="datatype"/>
      <valueString value="N/A"/>
    </property>
  </concept>
  <concept>
    <code value="DE18"/>
    <display value="Contact phone number"/>
    <definition value="Client's phone number"/>
    <designation>
      <language value="en"/>
      <value value="Contact phone number"/>
    </designation>
    <property>
      <code value="conceptclass"/>
      <valueString value="Misc"/>
    </property>
    <property>
      <code value="datatype"/>
      <valueString value="N/A"/>
    </property>
  </concept>
  <concept>
    <code value="DE19"/>
    <display value="Administrative area"/>
    <definition value="The name of the city/municipality/town/village of where the client lives"/>
    <designation>
      <language value="en"/>
      <value value="Administrative area"/>
    </designation>
    <property>
      <code value="conceptclass"/>
      <valueString value="Misc"/>
    </property>
    <property>
      <code value="datatype"/>
      <valueString value="N/A"/>
    </property>
  </concept>
  <concept>
    <code value="DE20"/>
    <display value="Active health worker"/>
    <definition value="Is the client an active and participating health worker. This data element is used mainly for reporting and indicators purposes."/>
    <designation>
      <language value="en"/>
      <value value="Active health worker"/>
    </designation>
    <property>
      <code value="conceptclass"/>
      <valueString value="Misc"/>
    </property>
    <property>
      <code value="datatype"/>
      <valueString value="N/A"/>
    </property>
  </concept>
</CodeSystem>