<?xml version="1.0" encoding="UTF-8"?>

<CodeSystem xmlns="http://hl7.org/fhir">
  <id value="IMMZ.D4"/>
  <meta>
    <lastUpdated value="2024-05-07T18:35:09.541805Z"/>
  </meta>
  <language value="en"/>
  <text>
    <status value="generated"/><div xmlns="http://www.w3.org/1999/xhtml"><p>This case-insensitive code system <code>http://smart.who.int/immunizations-measles/CodeSystem/IMMZ.D4</code> defines the following codes:</p><table class="codes"><tr><td style="white-space:nowrap"><b>Code</b></td><td><b>Display</b></td><td><b>Definition</b></td></tr><tr><td style="white-space:nowrap">DE161<a name="IMMZ.D4-DE161"> </a></td><td>Potential contraindications</td><td>Specific situations or medical conditions in which it is advised or recommended to avoid or delay administering a particular vaccine</td></tr><tr><td style="white-space:nowrap">DE162<a name="IMMZ.D4-DE162"> </a></td><td>Currently pregnant</td><td>The client is currently pregnant</td></tr><tr><td style="white-space:nowrap">DE165<a name="IMMZ.D4-DE165"> </a></td><td>Severely immunosuppressed</td><td>The client is known to be severely immunocompromised or immunosuppressed</td></tr><tr><td style="white-space:nowrap">DE166<a name="IMMZ.D4-DE166"> </a></td><td>History of anaphylactic reactions</td><td>The client is known to have history of anaphylaxis in the past. Anaphylaxis is a severe and potentially life-threatening allergic reaction that can occur rapidly after exposure to an allergen or vaccine component.</td></tr><tr><td style="white-space:nowrap">DE167<a name="IMMZ.D4-DE167"> </a></td><td>Severe allergic reactions</td><td>The client is known to have severe allergic reaction to vaccine</td></tr><tr><td style="white-space:nowrap">DE168<a name="IMMZ.D4-DE168"> </a></td><td>Symptomatic HIV infection</td><td>The client is experiencing HIV-related symptoms</td></tr></table></div>
  </text>
  <url value="http://smart.who.int/immunizations-measles/CodeSystem/IMMZ.D4"/>
  <identifier>
    <type>
      <coding>
        <system value="http://hl7.org/fhir/v2/0203"/>
        <code value="ACSN"/>
        <display value="Accession ID"/>
      </coding>
      <text value="Accession ID"/>
    </type>
    <system value="https://api.staging.openconceptlab.org"/>
    <value value="/orgs/WHO-SMART-Measles-Test/CodeSystem/IMMZ.D4/"/>
  </identifier>
  <version value="0.1.0"/>
  <name value="IMMZ_D4"/>
  <title value="IMMZ.D4 CodeSystem for Check Contraindications Data Elements"/>
  <status value="draft"/>
  <experimental value="false"/>
  <date value="2024-05-10T17:24:11+00:00"/>
  <publisher value="WHO"/>
  <contact>
    <name value="WHO"/>
    <telecom>
      <system value="url"/>
      <value value="http://who.int"/>
    </telecom>
  </contact>
  <description value="CodeSystem for IMMZ.D4 Check Contraindications Data Elements"/>
  <caseSensitive value="false"/>
  <content value="complete"/>
  <count value="6"/>
  <property>
    <code value="conceptclass"/>
    <uri value="https://api.staging.openconceptlab.org/orgs/OCL/sources/Classes/concepts"/>
    <description value="Standard list of concept classes."/>
    <type value="string"/>
  </property>
  <property>
    <code value="datatype"/>
    <uri value="https://api.staging.openconceptlab.org/orgs/OCL/sources/Datatypes/concepts"/>
    <description value="Standard list of concept datatypes."/>
    <type value="string"/>
  </property>
  <property>
    <code value="inactive"/>
    <uri value="http://hl7.org/fhir/concept-properties"/>
    <description value="True if the concept is not considered active."/>
    <type value="Coding"/>
  </property>
  <concept>
    <code value="DE161"/>
    <display value="Potential contraindications"/>
    <definition value="Specific situations or medical conditions in which it is advised or recommended to avoid or delay administering a particular vaccine"/>
    <designation>
      <language value="en"/>
      <value value="Potential contraindications"/>
    </designation>
    <property>
      <code value="conceptclass"/>
      <valueString value="Misc"/>
    </property>
    <property>
      <code value="datatype"/>
      <valueString value="N/A"/>
    </property>
  </concept>
  <concept>
    <code value="DE162"/>
    <display value="Currently pregnant"/>
    <definition value="The client is currently pregnant"/>
    <designation>
      <language value="en"/>
      <value value="Currently pregnant"/>
    </designation>
    <property>
      <code value="conceptclass"/>
      <valueString value="Misc"/>
    </property>
    <property>
      <code value="datatype"/>
      <valueString value="N/A"/>
    </property>
  </concept>
  <concept>
    <code value="DE165"/>
    <display value="Severely immunosuppressed"/>
    <definition value="The client is known to be severely immunocompromised or immunosuppressed"/>
    <designation>
      <language value="en"/>
      <value value="Severely immunosuppressed"/>
    </designation>
    <property>
      <code value="conceptclass"/>
      <valueString value="Misc"/>
    </property>
    <property>
      <code value="datatype"/>
      <valueString value="N/A"/>
    </property>
  </concept>
  <concept>
    <code value="DE166"/>
    <display value="History of anaphylactic reactions"/>
    <definition value="The client is known to have history of anaphylaxis in the past. Anaphylaxis is a severe and potentially life-threatening allergic reaction that can occur rapidly after exposure to an allergen or vaccine component."/>
    <designation>
      <language value="en"/>
      <value value="History of anaphylactic reactions"/>
    </designation>
    <property>
      <code value="conceptclass"/>
      <valueString value="Misc"/>
    </property>
    <property>
      <code value="datatype"/>
      <valueString value="N/A"/>
    </property>
  </concept>
  <concept>
    <code value="DE167"/>
    <display value="Severe allergic reactions"/>
    <definition value="The client is known to have severe allergic reaction to vaccine"/>
    <designation>
      <language value="en"/>
      <value value="Severe allergic reactions"/>
    </designation>
    <property>
      <code value="conceptclass"/>
      <valueString value="Misc"/>
    </property>
    <property>
      <code value="datatype"/>
      <valueString value="N/A"/>
    </property>
  </concept>
  <concept>
    <code value="DE168"/>
    <display value="Symptomatic HIV infection"/>
    <definition value="The client is experiencing HIV-related symptoms"/>
    <designation>
      <language value="en"/>
      <value value="Symptomatic HIV infection"/>
    </designation>
    <property>
      <code value="conceptclass"/>
      <valueString value="Misc"/>
    </property>
    <property>
      <code value="datatype"/>
      <valueString value="N/A"/>
    </property>
  </concept>
</CodeSystem>