<?xml version="1.0" encoding="UTF-8"?>

<Medication xmlns="http://hl7.org/fhir">
  <id value="Vaccine-SIIMeasles"/>
  <meta>
    <profile value="http://smart.who.int/immunizations-measles/StructureDefinition/SGVaccineProduct"/>
  </meta>
  <text>
    <status value="extensions"/><div xmlns="http://www.w3.org/1999/xhtml"><p><b>Generated Narrative: Medication</b><a name="Vaccine-SIIMeasles"> </a><a name="hcVaccine-SIIMeasles"> </a></p><div style="display: inline-block; background-color: #d9e0e7; padding: 6px; margin: 4px; border: 1px solid #8da1b4; border-radius: 5px; line-height: 60%"><p style="margin-bottom: 0px">ResourceMedication &quot;Vaccine-SIIMeasles&quot; </p><p style="margin-bottom: 0px">Profile: <a href="StructureDefinition-SGVaccineProduct.html">SGVaccineProduct</a></p></div><p><b>SGMedicationClassification</b>: XM8L15 <span style="background: LightGoldenRodYellow; margin: 4px; border: 1px solid khaki"> (<a href="CodeSystem-ICD11.html">ICD-11</a>#XM8L15)</span></p><p><b>code</b>: 20009060/2 <span style="background: LightGoldenRodYellow; margin: 4px; border: 1px solid khaki"> (<a href="CodeSystem-VaccineProducts.html">Vaccine Product codes CodeSet</a>#20009060/2)</span></p></div>
  </text>
  <extension url="http://smart.who.int/immunizations-measles/StructureDefinition/SGMedicationClassification">
    <valueCodeableConcept>
      <coding>
        <system value="http://id.who.int/icd/release/11/mms"/>
        <code value="XM8L15"/>
      </coding>
    </valueCodeableConcept>
  </extension>
  <code>
    <coding>
      <system value="http://smart.who.int/immunizations-measles/CodeSystem/VaccineProducts"/>
      <code value="20009060/2"/>
    </coding>
  </code>
</Medication>