<?xml version="1.0" encoding="UTF-8"?><ConceptMap xmlns="http://hl7.org/fhir"><id value="IMMZCSexToAdministrativeGender"/><meta><lastUpdated value="2024-05-10T14:59:04.866811Z"/></meta><language value="en"/><text><status value="extensions"/><div xmlns="http://www.w3.org/1999/xhtml" xml:lang="en" lang="en"><p>Mapping from (not specified) to (not specified)</p><p>ACTIVE. Published on 2023-08-09 00:00:00+0000 by WHO  (WHO: <a href="http://who.int">http://who.int</a>). </p><div><p>Mapping to and from IMMZ.C sex coding to FHIR Administrative Gender.</p>
</div><br/><p><b>Group 1 </b>Mapping from <a href="CodeSystem-IMMZ.C.html">IMMZ.C CodeSystem for Data Elements</a> to <a href="http://hl7.org/fhir/R4/codesystem-administrative-gender.html">AdministrativeGender</a></p><table class="grid"><tr><td><b>Source Code</b></td><td><b>Relationship</b></td><td><b>Target Code</b></td></tr><tr><td>DE6 (Male)</td><td>:(equivalent)</td><td>male</td></tr><tr><td>DE7 (Female)</td><td>:(equivalent)</td><td>female</td></tr><tr><td>DE8 (Biological sex not specified)</td><td>:(equivalent)</td><td>unknown</td></tr><tr><td>DE9 (Intersex)</td><td>:(equivalent)</td><td>other</td></tr></table><hr/><p><b>Group 2 </b>Mapping from <a href="http://hl7.org/fhir/R4/codesystem-administrative-gender.html">AdministrativeGender</a> to <a href="CodeSystem-IMMZ.C.html">IMMZ.C CodeSystem for Data Elements</a></p><table class="grid"><tr><td><b>Source Code</b></td><td><b>Relationship</b></td><td><b>Target Code</b></td></tr><tr><td>male</td><td>:(equivalent)</td><td>DE6 (Male)</td></tr><tr><td>female</td><td>:(equivalent)</td><td>DE7 (Female)</td></tr><tr><td>unknown</td><td>:(equivalent)</td><td>DE8 (Biological sex not specified)</td></tr><tr><td>other</td><td>:(equivalent)</td><td>DE9 (Intersex)</td></tr></table></div></text><url value="http://smart.who.int/immunizations-measles/ConceptMap/IMMZCSexToAdministrativeGender"/><identifier><type><coding><system value="http://hl7.org/fhir/v2/0203"/><code value="ACSN"/><display value="Accession ID"/></coding><text value="Accession ID"/></type><system value="https://api.staging.openconceptlab.org"/><value value="/orgs/WHO-SMART-Measles-Test/ConceptMap/IMMZCSexToAdministrativeGender/"/></identifier><version value="0.1.0"/><name value="IMMZ_C_SexToAdministrativeGender"/><title value="ConceptMap to and From IMMZ.C sex to administrative gender"/><status value="active"/><experimental value="false"/><date value="2023-08-09T00:00:00Z"/><publisher value="WHO"/><contact><name value="WHO"/><telecom><system value="url"/><value value="http://who.int"/></telecom></contact><description value="Mapping to and from IMMZ.C sex coding to FHIR Administrative Gender."/><group><source value="http://smart.who.int/immunizations-measles/CodeSystem/IMMZ.C"/><target value="http://hl7.org/fhir/administrative-gender"/><element><code value="DE6"/><target><code value="male"/><equivalence value="relatedto"/></target></element><element><code value="DE7"/><target><code value="female"/><equivalence value="relatedto"/></target></element><element><code value="DE8"/><target><code value="unknown"/><equivalence value="relatedto"/></target></element><element><code value="DE9"/><target><code value="other"/><equivalence value="relatedto"/></target></element></group><group><source value="http://hl7.org/fhir/administrative-gender"/><target value="http://smart.who.int/immunizations-measles/CodeSystem/IMMZ.C"/><element><code value="male"/><target><code value="DE6"/><equivalence value="relatedto"/></target></element><element><code value="female"/><target><code value="DE7"/><equivalence value="relatedto"/></target></element><element><code value="unknown"/><target><code value="DE8"/><equivalence value="relatedto"/></target></element><element><code value="other"/><target><code value="DE9"/><equivalence value="relatedto"/></target></element></group></ConceptMap>