<?xml version="1.0" encoding="UTF-8"?><ValueSet xmlns="http://hl7.org/fhir"><id value="Immunocompromised-values"/><meta><lastUpdated value="2024-05-07T18:35:37.994642Z"/></meta><text><status value="generated"/><div xmlns="http://www.w3.org/1999/xhtml"><ul><li>Include these codes as defined in <a href="http://www.snomed.org/"><code>http://snomed.info/sct</code></a><table class="none"><tr><td style="white-space:nowrap"><b>Code</b></td><td><b>Display</b></td></tr><tr><td><a href="http://snomed.info/id/370388006">370388006</a></td><td>Patient immunocompromised</td></tr><tr><td><a href="http://snomed.info/id/370391006">370391006</a></td><td>Patient immunosuppressed</td></tr></table></li></ul></div></text><url value="http://smart.who.int/immunizations-measles/ValueSet/Immunocompromised-values"/><identifier><type><coding><system value="http://hl7.org/fhir/v2/0203"/><code value="ACSN"/><display value="Accession ID"/></coding><text value="Accession ID"/></type><system value="https://api.staging.openconceptlab.org"/><value value="/orgs/WHO-SMART-Measles-Test/ValueSet/Immunocompromised-values/"/></identifier><version value="0.1.0"/><name value="Immunocompromisedvalues"/><title value="Immunocompromised valueset"/><status value="draft"/><experimental value="false"/><date value="2024-03-30T08:20:30Z"/><publisher value="WHO"/><contact><name value="WHO"/><telecom><system value="url"/><value value="http://who.int"/></telecom></contact><description value="Codes representing Immunocompromised values"/><immutable value="true"/><compose><include><system value="http://snomed.info/sct"/><concept><code value="370388006"/><display value="Patient immunocompromised"/></concept><concept><code value="370391006"/><display value="Patient immunosuppressed"/></concept></include></compose></ValueSet>