<?xml version="1.0" encoding="UTF-8"?><ValueSet xmlns="http://hl7.org/fhir"><id value="VaccineTypes"/><meta><lastUpdated value="2024-05-07T19:58:42.526204Z"/></meta><text><status value="generated"/><div xmlns="http://www.w3.org/1999/xhtml"><p>This value set includes codes based on the following rules:</p><ul><li>Include codes from <a href="CodeSystem-ICD11.html"><code>http://id.who.int/icd/release/11/mms</code></a> where parent  =  <a href="CodeSystem-ICD11.html#ICD11-XM28X5">XM28X5</a></li><li>Include these codes as defined in <a href="CodeSystem-ICD11.html"><code>http://id.who.int/icd/release/11/mms</code></a><table class="none"><tr><td style="white-space:nowrap"><b>Code</b></td><td><b>Display</b></td></tr><tr><td><a href="CodeSystem-ICD11.html#ICD11-XM28X5">XM28X5</a></td><td style="color: #cccccc">Measles vaccines</td></tr><tr><td><a href="CodeSystem-ICD11.html#ICD11-XM2340">XM2340</a></td><td style="color: #cccccc">Mumps, live attenuated</td></tr></table></li><li>Include these codes as defined in <a href="http://loinc.org"><code>http://loinc.org</code></a><table class="none"><tr><td style="white-space:nowrap"><b>Code</b></td><td><b>Display</b></td></tr><tr><td><a href="https://loinc.org/30940-1/">30940-1</a></td><td>Measles virus+Mumps virus+Rubella virus dose count in combination vaccine</td></tr></table></li><li>Include these codes as defined in <a href="http://www.snomed.org/"><code>http://snomed.info/sct</code></a><table class="none"><tr><td style="white-space:nowrap"><b>Code</b></td><td><b>Display</b></td></tr><tr><td><a href="http://snomed.info/id/836382004">836382004</a></td><td>Measles morbillivirus antigen-containing vaccine product</td></tr></table></li></ul></div></text><url value="http://smart.who.int/immunizations-measles/ValueSet/VaccineTypes"/><identifier><type><coding><system value="http://hl7.org/fhir/v2/0203"/><code value="ACSN"/><display value="Accession ID"/></coding><text value="Accession ID"/></type><system value="https://api.staging.openconceptlab.org"/><value value="/orgs/WHO-SMART-Measles-Test/ValueSet/VaccineTypes/"/></identifier><version value="0.1.0"/><name value="VaccineTypes"/><title value="Measles Vaccine Type ValueSet"/><status value="draft"/><date value="2024-03-30T08:20:30Z"/><publisher value="WHO"/><contact><name value="WHO"/><telecom><system value="url"/><value value="http://who.int"/></telecom></contact><description value="Measles Vaccine type Codes, containing the different types of antigens used in vaccine guidelines."/><compose><include><system value="http://loinc.org"/><concept><code value="30940-1"/><display value="Measles virus+Mumps virus+Rubella virus dose count in combination vaccine"/></concept></include><include><system value="http://snomed.info/sct"/><concept><code value="836382004"/><display value="Measles morbillivirus antigen-containing vaccine product"/></concept></include><include><system value="/orgs/WHO-SMART-Measles-Test/ValueSet/ICD11/"/><concept><code value="XM2340"/></concept><concept><code value="XM4AJ8"/></concept><concept><code value="XM21H2"/></concept><concept><code value="XM8TF3"/></concept><concept><code value="XM9439"/></concept><concept><code value="XM8L15"/></concept><concept><code value="XM28X5"/></concept></include></compose></ValueSet>