{"resourceType":"CodeSystem","id":"IMMZ.D1.DE5","meta":{"lastUpdated":"2024-05-07T18:35:03.473930Z"},"language":"en","text":{"status":"generated","div":"<div xmlns=\"http://www.w3.org/1999/xhtml\"><p>This case-insensitive code system <code>http://smart.who.int/immunizations-measles/CodeSystem/IMMZ.D1.DE5</code> defines the following codes:</p><table class=\"codes\"><tr><td style=\"white-space:nowrap\"><b>Code</b></td><td><b>Display</b></td><td><b>Definition</b></td></tr><tr><td style=\"white-space:nowrap\">IMMZ.D.DE6<a name=\"IMMZ.D1.DE5-IMMZ.46D.46DE6\"> </a></td><td>Immunity Testing has shown that the client already has immunity to the agent targeted by the immunization</td><td/></tr><tr><td style=\"white-space:nowrap\">IMMZ.D.DE7<a name=\"IMMZ.D1.DE5-IMMZ.46D.46DE7\"> </a></td><td>Medical precaution</td><td>The client currently has a medical condition for which the vaccine is contraindicated or for which precaution is warranted</td></tr><tr><td style=\"white-space:nowrap\">IMMZ.D.DE8<a name=\"IMMZ.D1.DE5-IMMZ.46D.46DE8\"> </a></td><td>Product out of stock</td><td>There was no supply of the product on hand to perform the service</td></tr><tr><td style=\"white-space:nowrap\">IMMZ.D.DE9<a name=\"IMMZ.D1.DE5-IMMZ.46D.46DE9\"> </a></td><td>Client objection</td><td>The client or their guardian objects to receiving the vaccine</td></tr><tr><td style=\"white-space:nowrap\">IMMZ.D.DE10<a name=\"IMMZ.D1.DE5-IMMZ.46D.46DE10\"> </a></td><td>Caregiver refusal</td><td>The client's caregiver refused the vaccine</td></tr><tr><td style=\"white-space:nowrap\">IMMZ.D.DE11<a name=\"IMMZ.D1.DE5-IMMZ.46D.46DE11\"> </a></td><td>Unspecified reason</td><td>The immunization event was not carried out for an unspecified reason</td></tr><tr><td style=\"white-space:nowrap\">IMMZ.D.DE12<a name=\"IMMZ.D1.DE5-IMMZ.46D.46DE12\"> </a></td><td>Client allergy to vaccine or component</td><td>The immunization event was not carried out because of client allergy to vaccine or component</td></tr><tr><td style=\"white-space:nowrap\">IMMZ.D.DE13<a name=\"IMMZ.D1.DE5-IMMZ.46D.46DE13\"> </a></td><td>Immunocompromised</td><td>The immunization event was not carried out because the client is immunocompromised</td></tr><tr><td style=\"white-space:nowrap\">IMMZ.D.DE14<a name=\"IMMZ.D1.DE5-IMMZ.46D.46DE14\"> </a></td><td>Chronic illness or condition</td><td>The immunization event was not carried out due a chronic illness or condition of the client</td></tr><tr><td style=\"white-space:nowrap\">IMMZ.D.DE15<a name=\"IMMZ.D1.DE5-IMMZ.46D.46DE15\"> </a></td><td>Acute illness</td><td>The immunization event was not carried out due to an acute illness present in the client</td></tr><tr><td style=\"white-space:nowrap\">IMMZ.D.DE16<a name=\"IMMZ.D1.DE5-IMMZ.46D.46DE16\"> </a></td><td>Had the disease</td><td>The immunization event was not carried out due to the client having had the disease</td></tr><tr><td style=\"white-space:nowrap\">IMMZ.D.DE17<a name=\"IMMZ.D1.DE5-IMMZ.46D.46DE17\"> </a></td><td>Immunization not carried out for other reasons</td><td>The immunization event was not carried out for other reasons</td></tr></table></div>"},"url":"http://smart.who.int/immunizations-measles/CodeSystem/IMMZ.D1.DE5","identifier":[{"type":{"coding":[{"system":"http://hl7.org/fhir/v2/0203","code":"ACSN","display":"Accession ID"}],"text":"Accession ID"},"system":"https://api.staging.openconceptlab.org","value":"/orgs/WHO-SMART-Measles-Test/CodeSystem/IMMZ.D1.DE5/"}],"version":"0.1.0","name":"IMMZ_D1","title":"IMMZ.D1.DE5 CodeSystem for Reason Not Done","status":"draft","experimental":false,"date":"2024-05-10T17:24:11+00:00","publisher":"WHO","contact":[{"name":"WHO","telecom":[{"system":"url","value":"http://who.int"}]}],"description":"CodeSystem for IMMZ.D1.DE5 Reason Not Done","caseSensitive":false,"content":"complete","count":12,"property":[{"code":"conceptclass","uri":"https://api.staging.openconceptlab.org/orgs/OCL/sources/Classes/concepts","description":"Standard list of concept classes.","type":"string"},{"code":"datatype","uri":"https://api.staging.openconceptlab.org/orgs/OCL/sources/Datatypes/concepts","description":"Standard list of concept datatypes.","type":"string"},{"code":"inactive","uri":"http://hl7.org/fhir/concept-properties","description":"True if the concept is not considered active.","type":"Coding"}],"concept":[{"code":"IMMZ.D.DE6","display":"Immunity Testing has shown that the client already has immunity to the agent targeted by the immunization","designation":[{"language":"en","value":"Immunity Testing has shown that the client already has immunity to the agent targeted by the immunization"}],"property":[{"code":"conceptclass","valueString":"Misc"},{"code":"datatype","valueString":"N/A"}]},{"code":"IMMZ.D.DE7","display":"Medical precaution","definition":"The client currently has a medical condition for which the vaccine is contraindicated or for which precaution is warranted","designation":[{"language":"en","value":"Medical precaution"}],"property":[{"code":"conceptclass","valueString":"Misc"},{"code":"datatype","valueString":"N/A"}]},{"code":"IMMZ.D.DE8","display":"Product out of stock","definition":"There was no supply of the product on hand to perform the service","designation":[{"language":"en","value":"Product out of stock"}],"property":[{"code":"conceptclass","valueString":"Misc"},{"code":"datatype","valueString":"N/A"}]},{"code":"IMMZ.D.DE9","display":"Client objection","definition":"The client or their guardian objects to receiving the vaccine","designation":[{"language":"en","value":"Client objection"}],"property":[{"code":"conceptclass","valueString":"Misc"},{"code":"datatype","valueString":"N/A"}]},{"code":"IMMZ.D.DE10","display":"Caregiver refusal","definition":"The client's caregiver refused the vaccine","designation":[{"language":"en","value":"Caregiver refusal"}],"property":[{"code":"conceptclass","valueString":"Misc"},{"code":"datatype","valueString":"N/A"}]},{"code":"IMMZ.D.DE11","display":"Unspecified reason","definition":"The immunization event was not carried out for an unspecified reason","designation":[{"language":"en","value":"Unspecified reason"}],"property":[{"code":"conceptclass","valueString":"Misc"},{"code":"datatype","valueString":"N/A"}]},{"code":"IMMZ.D.DE12","display":"Client allergy to vaccine or component","definition":"The immunization event was not carried out because of client allergy to vaccine or component","designation":[{"language":"en","value":"Client allergy to vaccine or component"}],"property":[{"code":"conceptclass","valueString":"Misc"},{"code":"datatype","valueString":"N/A"}]},{"code":"IMMZ.D.DE13","display":"Immunocompromised","definition":"The immunization event was not carried out because the client is immunocompromised","designation":[{"language":"en","value":"Immunocompromised"}],"property":[{"code":"conceptclass","valueString":"Misc"},{"code":"datatype","valueString":"N/A"}]},{"code":"IMMZ.D.DE14","display":"Chronic illness or condition","definition":"The immunization event was not carried out due a chronic illness or condition of the client","designation":[{"language":"en","value":"Chronic illness or condition"}],"property":[{"code":"conceptclass","valueString":"Misc"},{"code":"datatype","valueString":"N/A"}]},{"code":"IMMZ.D.DE15","display":"Acute illness","definition":"The immunization event was not carried out due to an acute illness present in the client","designation":[{"language":"en","value":"Acute illness"}],"property":[{"code":"conceptclass","valueString":"Misc"},{"code":"datatype","valueString":"N/A"}]},{"code":"IMMZ.D.DE16","display":"Had the disease","definition":"The immunization event was not carried out due to the client having had the disease","designation":[{"language":"en","value":"Had the disease"}],"property":[{"code":"conceptclass","valueString":"Misc"},{"code":"datatype","valueString":"N/A"}]},{"code":"IMMZ.D.DE17","display":"Immunization not carried out for other reasons","definition":"The immunization event was not carried out for other reasons","designation":[{"language":"en","value":"Immunization not carried out for other reasons"}],"property":[{"code":"conceptclass","valueString":"Misc"},{"code":"datatype","valueString":"N/A"}]}]}