{"resourceType":"CodeSystem","id":"ICD11","meta":{"lastUpdated":"2024-05-07T18:34:49.664021Z"},"language":"en","text":{"status":"generated","div":"<div xmlns=\"http://www.w3.org/1999/xhtml\"><p><b>Properties</b></p><p><b>This code system  defines the following properties for its concepts</b></p><table class=\"grid\"><tr><td><b>Code</b></td><td><b>URI</b></td><td><b>Type</b></td></tr><tr><td>parent</td><td>http://hl7.org/fhir/concept-properties#parent</td><td>code</td></tr></table><p><b>Concepts</b></p><p>This case-sensitive code system <code>http://id.who.int/icd/release/11/mms</code> defines the following codes in an undefined heirarchy:</p><table class=\"codes\"><tr><td><b>Lvl</b></td><td style=\"white-space:nowrap\"><b>Code</b></td><td><b>Display</b></td><td><b>Parent</b></td></tr><tr><td>1</td><td style=\"white-space:nowrap\">XM28X5<a name=\"ICD11-XM28X5\"> </a></td><td>Measles vaccines</td><td/></tr><tr><td>2</td><td style=\"white-space:nowrap\">\u00a0\u00a0XM8L15<a name=\"ICD11-XM8L15\"> </a></td><td>Measles, live attenuated</td><td><a href=\"#ICD11-XM28X5\">XM28X5</a></td></tr><tr><td>2</td><td style=\"white-space:nowrap\">\u00a0\u00a0XM9439<a name=\"ICD11-XM9439\"> </a></td><td>Measles, combinations with mumps, live attenuated</td><td><a href=\"#ICD11-XM28X5\">XM28X5</a></td></tr><tr><td>2</td><td style=\"white-space:nowrap\">\u00a0\u00a0XM8TF3<a name=\"ICD11-XM8TF3\"> </a></td><td>Measles, combinations with mumps and rubella, live attenuated</td><td><a href=\"#ICD11-XM28X5\">XM28X5</a></td></tr><tr><td>2</td><td style=\"white-space:nowrap\">\u00a0\u00a0XM21H2<a name=\"ICD11-XM21H2\"> </a></td><td>Measles, combinations with rubella, live attenuated</td><td><a href=\"#ICD11-XM28X5\">XM28X5</a></td></tr><tr><td>2</td><td style=\"white-space:nowrap\">\u00a0\u00a0XM4AJ8<a name=\"ICD11-XM4AJ8\"> </a></td><td>Measles, combinations with mumps, rubella and varicella, live attenuated</td><td><a href=\"#ICD11-XM28X5\">XM28X5</a></td></tr><tr><td>1</td><td style=\"white-space:nowrap\">XM1131<a name=\"ICD11-XM1131\"> </a></td><td>Mumps vaccines</td><td/></tr><tr><td>2</td><td style=\"white-space:nowrap\">\u00a0\u00a0XM2340<a name=\"ICD11-XM2340\"> </a></td><td>Mumps, live attenuated</td><td><a href=\"#ICD11-XM1131\">XM1131</a></td></tr><tr><td>1</td><td style=\"white-space:nowrap\">XX45B7<a name=\"ICD11-XX45B7\"> </a></td><td>Intersex</td><td/></tr><tr><td>1</td><td style=\"white-space:nowrap\">XX2PX3<a name=\"ICD11-XX2PX3\"> </a></td><td>Biological sex not specified</td><td/></tr><tr><td>1</td><td style=\"white-space:nowrap\">XX2V25<a name=\"ICD11-XX2V25\"> </a></td><td>Female</td><td/></tr><tr><td>1</td><td style=\"white-space:nowrap\">XX2UQ8<a name=\"ICD11-XX2UQ8\"> </a></td><td>Male</td><td/></tr><tr><td>1</td><td style=\"white-space:nowrap\">1B1Z<a name=\"ICD11-1B1Z\"> </a></td><td>Tuberculosis</td><td/></tr><tr><td>1</td><td style=\"white-space:nowrap\">1C62.Z<a name=\"ICD11-1C62.46Z\"> </a></td><td>Human immunodeficiency virus disease without mention of tuberculosis or malaria</td><td/></tr><tr><td>1</td><td style=\"white-space:nowrap\">1H0Z<a name=\"ICD11-1H0Z\"> </a></td><td>Certain infectious or parasitic diseases</td><td/></tr><tr><td>1</td><td style=\"white-space:nowrap\">3A51<a name=\"ICD11-3A51\"> </a></td><td>Sickle cell disorders or other haemoglobinopathies</td><td/></tr><tr><td>1</td><td style=\"white-space:nowrap\">4B4Z<a name=\"ICD11-4B4Z\"> </a></td><td>Diseases of the immune system</td><td/></tr><tr><td>1</td><td style=\"white-space:nowrap\">KA21.4<a name=\"ICD11-KA21.464\"> </a></td><td>Preterm newborn</td><td/></tr><tr><td>1</td><td style=\"white-space:nowrap\">QA02.0<a name=\"ICD11-QA02.460\"> </a></td><td>Observation for suspected tuberculosis, ruled out</td><td/></tr><tr><td>1</td><td style=\"white-space:nowrap\">QA02.Y<a name=\"ICD11-QA02.46Y\"> </a></td><td>Medical observation or evaluation for suspected diseases or conditions, ruled out</td><td/></tr><tr><td>1</td><td style=\"white-space:nowrap\">QA48.1<a name=\"ICD11-QA48.461\"> </a></td><td>Care or examination of lactating mother</td><td/></tr><tr><td>1</td><td style=\"white-space:nowrap\">QC60<a name=\"ICD11-QC60\"> </a></td><td>Family history of infectious diseases</td><td/></tr><tr><td>1</td><td style=\"white-space:nowrap\">XM18Y8<a name=\"ICD11-XM18Y8\"> </a></td><td>Meningococcus C, purified polysaccharides antigen conjugated vaccines</td><td/></tr><tr><td>1</td><td style=\"white-space:nowrap\">XM2280<a name=\"ICD11-XM2280\"> </a></td><td>Meningococcus A, purified polysaccharides antigen conjugated vaccines</td><td/></tr><tr><td>1</td><td style=\"white-space:nowrap\">XM33K4<a name=\"ICD11-XM33K4\"> </a></td><td>Typhoid, oral, live attenuated vaccines</td><td/></tr><tr><td>1</td><td style=\"white-space:nowrap\">XM3KQ4<a name=\"ICD11-XM3KQ4\"> </a></td><td>Interferon gamma</td><td/></tr><tr><td>1</td><td style=\"white-space:nowrap\">XM3SF6<a name=\"ICD11-XM3SF6\"> </a></td><td>Typhoid, purified polysaccharide antigen vaccines</td><td/></tr><tr><td>1</td><td style=\"white-space:nowrap\">XM47S0<a name=\"ICD11-XM47S0\"> </a></td><td>Encephalitis, Japanese, live attenuated</td><td/></tr><tr><td>1</td><td style=\"white-space:nowrap\">XM5V19<a name=\"ICD11-XM5V19\"> </a></td><td>Poliomyelitis, trivalent, inactivated, whole virus</td><td/></tr><tr><td>1</td><td style=\"white-space:nowrap\">XM79H3<a name=\"ICD11-XM79H3\"> </a></td><td>Poliomyelitis oral, bivalent, live attenuated</td><td/></tr><tr><td>1</td><td style=\"white-space:nowrap\">XM7PF6<a name=\"ICD11-XM7PF6\"> </a></td><td>Tuberculin</td><td/></tr><tr><td>1</td><td style=\"white-space:nowrap\">XT0S<a name=\"ICD11-XT0S\"> </a></td><td>Pregnancy</td><td/></tr><tr><td>1</td><td style=\"white-space:nowrap\">QA41<a name=\"ICD11-QA41\"> </a></td><td>Pregnant state</td><td/></tr><tr><td>1</td><td style=\"white-space:nowrap\">QC44.0<a name=\"ICD11-QC44.460\"> </a></td><td>Personal history of anaphylaxis</td><td/></tr><tr><td>1</td><td style=\"white-space:nowrap\">QC44.2<a name=\"ICD11-QC44.462\"> </a></td><td>Personal history of allergy to drugs, medicaments or biological substances</td><td/></tr><tr><td>1</td><td style=\"white-space:nowrap\">1C62.1<a name=\"ICD11-1C62.461\"> </a></td><td>HIV disease clinical stage 2 without mention of tuberculosis or malaria</td><td/></tr><tr><td>1</td><td style=\"white-space:nowrap\">MA14.0<a name=\"ICD11-MA14.460\"> </a></td><td>Laboratory evidence of human immunodeficiency virus</td><td/></tr><tr><td>1</td><td style=\"white-space:nowrap\">XM8142<a name=\"ICD11-XM8142\"> </a></td><td>Tuberculosis, live attenuated vaccines</td><td/></tr><tr><td>1</td><td style=\"white-space:nowrap\">XM72A0<a name=\"ICD11-XM72A0\"> </a></td><td>Cholera, live attenuated vaccines</td><td/></tr><tr><td>1</td><td style=\"white-space:nowrap\">XM0VX8<a name=\"ICD11-XM0VX8\"> </a></td><td>Poliomyelitis oral, monovalent live attenuated</td><td/></tr><tr><td>1</td><td style=\"white-space:nowrap\">XM0KZ1<a name=\"ICD11-XM0KZ1\"> </a></td><td>Poliomyelitis oral, trivalent, live attenuated</td><td/></tr><tr><td>1</td><td style=\"white-space:nowrap\">XM4GV0<a name=\"ICD11-XM4GV0\"> </a></td><td>Rota virus, live attenuated</td><td/></tr><tr><td>1</td><td style=\"white-space:nowrap\">XM9PS9<a name=\"ICD11-XM9PS9\"> </a></td><td>Rubella, live attenuated</td><td/></tr><tr><td>1</td><td style=\"white-space:nowrap\">XM3B09<a name=\"ICD11-XM3B09\"> </a></td><td>Rubella, combinations with mumps, live attenuated</td><td/></tr><tr><td>1</td><td style=\"white-space:nowrap\">XM5V64<a name=\"ICD11-XM5V64\"> </a></td><td>Influenza vaccines, live attenuated</td><td/></tr><tr><td>1</td><td style=\"white-space:nowrap\">XM0NS8<a name=\"ICD11-XM0NS8\"> </a></td><td>Varicella, live attenuated</td><td/></tr><tr><td>1</td><td style=\"white-space:nowrap\">XM3418<a name=\"ICD11-XM3418\"> </a></td><td>Yellow Fever, live attenuated</td><td/></tr><tr><td>1</td><td style=\"white-space:nowrap\">XM5DF6<a name=\"ICD11-XM5DF6\"> </a></td><td>COVID-19 vaccines, live attenuated virus</td><td/></tr></table></div>"},"url":"http://id.who.int/icd/release/11/mms","identifier":[{"type":{"coding":[{"system":"http://hl7.org/fhir/v2/0203","code":"ACSN","display":"Accession ID"}],"text":"Accession ID"},"system":"https://api.staging.openconceptlab.org","value":"/orgs/WHO-SMART-Measles-Test/CodeSystem/ICD11/"}],"version":"0.1.0","name":"ICD11","title":"ICD-11","status":"draft","experimental":true,"date":"2024-05-10T17:24:11+00:00","publisher":"WHO","contact":[{"name":"WHO","telecom":[{"system":"url","value":"http://who.int"}]}],"description":"ICD-11.","caseSensitive":true,"content":"complete","count":42,"property":[{"code":"conceptclass","uri":"https://api.staging.openconceptlab.org/orgs/OCL/sources/Classes/concepts","description":"Standard list of concept classes.","type":"string"},{"code":"datatype","uri":"https://api.staging.openconceptlab.org/orgs/OCL/sources/Datatypes/concepts","description":"Standard list of concept datatypes.","type":"string"},{"code":"inactive","uri":"http://hl7.org/fhir/concept-properties","description":"True if the concept is not considered active.","type":"Coding"}],"concept":[{"code":"XM28X5","display":"Measles vaccines","designation":[{"language":"en","value":"Measles vaccines"}],"property":[{"code":"conceptclass","valueString":"Misc"},{"code":"datatype","valueString":"N/A"}]},{"code":"XM1131","display":"Mumps vaccines","designation":[{"language":"en","value":"Mumps vaccines"}],"property":[{"code":"conceptclass","valueString":"Misc"},{"code":"datatype","valueString":"N/A"}]},{"code":"XX45B7","display":"Intersex","designation":[{"language":"en","value":"Intersex"}],"property":[{"code":"conceptclass","valueString":"Misc"},{"code":"datatype","valueString":"N/A"}]},{"code":"XX2PX3","display":"Biological sex not specified","designation":[{"language":"en","value":"Biological sex not specified"}],"property":[{"code":"conceptclass","valueString":"Misc"},{"code":"datatype","valueString":"N/A"}]},{"code":"XX2V25","display":"Female","designation":[{"language":"en","value":"Female"}],"property":[{"code":"conceptclass","valueString":"Misc"},{"code":"datatype","valueString":"N/A"}]},{"code":"XX2UQ8","display":"Male","designation":[{"language":"en","value":"Male"}],"property":[{"code":"conceptclass","valueString":"Misc"},{"code":"datatype","valueString":"N/A"}]},{"code":"1B1Z","display":"Tuberculosis","designation":[{"language":"en","value":"Tuberculosis"}],"property":[{"code":"conceptclass","valueString":"Misc"},{"code":"datatype","valueString":"N/A"}]},{"code":"1C62.Z","display":"Human immunodeficiency virus disease without mention of tuberculosis or malaria","designation":[{"language":"en","value":"Human immunodeficiency virus disease without mention of tuberculosis or malaria"}],"property":[{"code":"conceptclass","valueString":"Misc"},{"code":"datatype","valueString":"N/A"}]},{"code":"1H0Z","display":"Certain infectious or parasitic diseases","designation":[{"language":"en","value":"Certain infectious or parasitic diseases"}],"property":[{"code":"conceptclass","valueString":"Misc"},{"code":"datatype","valueString":"N/A"}]},{"code":"3A51","display":"Sickle cell disorders or other haemoglobinopathies","designation":[{"language":"en","value":"Sickle cell disorders or other haemoglobinopathies"}],"property":[{"code":"conceptclass","valueString":"Misc"},{"code":"datatype","valueString":"N/A"}]},{"code":"4B4Z","display":"Diseases of the immune system","designation":[{"language":"en","value":"Diseases of the immune system"}],"property":[{"code":"conceptclass","valueString":"Misc"},{"code":"datatype","valueString":"N/A"}]},{"code":"KA21.4","display":"Preterm newborn","designation":[{"language":"en","value":"Preterm newborn"}],"property":[{"code":"conceptclass","valueString":"Misc"},{"code":"datatype","valueString":"N/A"}]},{"code":"QA02.0","display":"Observation for suspected tuberculosis, ruled out","designation":[{"language":"en","value":"Observation for suspected tuberculosis, ruled out"}],"property":[{"code":"conceptclass","valueString":"Misc"},{"code":"datatype","valueString":"N/A"}]},{"code":"QA02.Y","display":"Medical observation or evaluation for suspected diseases or conditions, ruled out","designation":[{"language":"en","value":"Medical observation or evaluation for suspected diseases or conditions, ruled out"}],"property":[{"code":"conceptclass","valueString":"Misc"},{"code":"datatype","valueString":"N/A"}]},{"code":"QA48.1","display":"Care or examination of lactating mother","designation":[{"language":"en","value":"Care or examination of lactating mother"}],"property":[{"code":"conceptclass","valueString":"Misc"},{"code":"datatype","valueString":"N/A"}]},{"code":"QC60","display":"Family history of infectious diseases","designation":[{"language":"en","value":"Family history of infectious diseases"}],"property":[{"code":"conceptclass","valueString":"Misc"},{"code":"datatype","valueString":"N/A"}]},{"code":"XM18Y8","display":"Meningococcus C, purified polysaccharides antigen conjugated vaccines","designation":[{"language":"en","value":"Meningococcus C, purified polysaccharides antigen conjugated vaccines"}],"property":[{"code":"conceptclass","valueString":"Misc"},{"code":"datatype","valueString":"N/A"}]},{"code":"XM2280","display":"Meningococcus A, purified polysaccharides antigen conjugated vaccines","designation":[{"language":"en","value":"Meningococcus A, purified polysaccharides antigen conjugated vaccines"}],"property":[{"code":"conceptclass","valueString":"Misc"},{"code":"datatype","valueString":"N/A"}]},{"code":"XM33K4","display":"Typhoid, oral, live attenuated vaccines","designation":[{"language":"en","value":"Typhoid, oral, live attenuated vaccines"}],"property":[{"code":"conceptclass","valueString":"Misc"},{"code":"datatype","valueString":"N/A"}]},{"code":"XM3KQ4","display":"Interferon gamma","designation":[{"language":"en","value":"Interferon gamma"}],"property":[{"code":"conceptclass","valueString":"Misc"},{"code":"datatype","valueString":"N/A"}]},{"code":"XM3SF6","display":"Typhoid, purified polysaccharide antigen vaccines","designation":[{"language":"en","value":"Typhoid, purified polysaccharide antigen vaccines"}],"property":[{"code":"conceptclass","valueString":"Misc"},{"code":"datatype","valueString":"N/A"}]},{"code":"XM47S0","display":"Encephalitis, Japanese, live attenuated","designation":[{"language":"en","value":"Encephalitis, Japanese, live attenuated"}],"property":[{"code":"conceptclass","valueString":"Misc"},{"code":"datatype","valueString":"N/A"}]},{"code":"XM5V19","display":"Poliomyelitis, trivalent, inactivated, whole virus","designation":[{"language":"en","value":"Poliomyelitis, trivalent, inactivated, whole virus"}],"property":[{"code":"conceptclass","valueString":"Misc"},{"code":"datatype","valueString":"N/A"}]},{"code":"XM79H3","display":"Poliomyelitis oral, bivalent, live attenuated","designation":[{"language":"en","value":"Poliomyelitis oral, bivalent, live attenuated"}],"property":[{"code":"conceptclass","valueString":"Misc"},{"code":"datatype","valueString":"N/A"}]},{"code":"XM7PF6","display":"Tuberculin","designation":[{"language":"en","value":"Tuberculin"}],"property":[{"code":"conceptclass","valueString":"Misc"},{"code":"datatype","valueString":"N/A"}]},{"code":"XT0S","display":"Pregnancy","designation":[{"language":"en","value":"Pregnancy"}],"property":[{"code":"conceptclass","valueString":"Misc"},{"code":"datatype","valueString":"N/A"}]},{"code":"QA41","display":"Pregnant state","designation":[{"language":"en","value":"Pregnant state"}],"property":[{"code":"conceptclass","valueString":"Misc"},{"code":"datatype","valueString":"N/A"}]},{"code":"QC44.0","display":"Personal history of anaphylaxis","designation":[{"language":"en","value":"Personal history of anaphylaxis"}],"property":[{"code":"conceptclass","valueString":"Misc"},{"code":"datatype","valueString":"N/A"}]},{"code":"QC44.2","display":"Personal history of allergy to drugs, medicaments or biological substances","designation":[{"language":"en","value":"Personal history of allergy to drugs, medicaments or biological substances"}],"property":[{"code":"conceptclass","valueString":"Misc"},{"code":"datatype","valueString":"N/A"}]},{"code":"1C62.1","display":"HIV disease clinical stage 2 without mention of tuberculosis or malaria","designation":[{"language":"en","value":"HIV disease clinical stage 2 without mention of tuberculosis or malaria"}],"property":[{"code":"conceptclass","valueString":"Misc"},{"code":"datatype","valueString":"N/A"}]},{"code":"MA14.0","display":"Laboratory evidence of human immunodeficiency virus","designation":[{"language":"en","value":"Laboratory evidence of human immunodeficiency virus"}],"property":[{"code":"conceptclass","valueString":"Misc"},{"code":"datatype","valueString":"N/A"}]},{"code":"XM8142","display":"Tuberculosis, live attenuated vaccines","designation":[{"language":"en","value":"Tuberculosis, live attenuated vaccines"}],"property":[{"code":"conceptclass","valueString":"Misc"},{"code":"datatype","valueString":"N/A"}]},{"code":"XM72A0","display":"Cholera, live attenuated vaccines","designation":[{"language":"en","value":"Cholera, live attenuated vaccines"}],"property":[{"code":"conceptclass","valueString":"Misc"},{"code":"datatype","valueString":"N/A"}]},{"code":"XM0VX8","display":"Poliomyelitis oral, monovalent live attenuated","designation":[{"language":"en","value":"Poliomyelitis oral, monovalent live attenuated"}],"property":[{"code":"conceptclass","valueString":"Misc"},{"code":"datatype","valueString":"N/A"}]},{"code":"XM0KZ1","display":"Poliomyelitis oral, trivalent, live attenuated","designation":[{"language":"en","value":"Poliomyelitis oral, trivalent, live attenuated"}],"property":[{"code":"conceptclass","valueString":"Misc"},{"code":"datatype","valueString":"N/A"}]},{"code":"XM4GV0","display":"Rota virus, live attenuated","designation":[{"language":"en","value":"Rota virus, live attenuated"}],"property":[{"code":"conceptclass","valueString":"Misc"},{"code":"datatype","valueString":"N/A"}]},{"code":"XM9PS9","display":"Rubella, live attenuated","designation":[{"language":"en","value":"Rubella, live attenuated"}],"property":[{"code":"conceptclass","valueString":"Misc"},{"code":"datatype","valueString":"N/A"}]},{"code":"XM3B09","display":"Rubella, combinations with mumps, live attenuated","designation":[{"language":"en","value":"Rubella, combinations with mumps, live attenuated"}],"property":[{"code":"conceptclass","valueString":"Misc"},{"code":"datatype","valueString":"N/A"}]},{"code":"XM5V64","display":"Influenza vaccines, live attenuated","designation":[{"language":"en","value":"Influenza vaccines, live attenuated"}],"property":[{"code":"conceptclass","valueString":"Misc"},{"code":"datatype","valueString":"N/A"}]},{"code":"XM0NS8","display":"Varicella, live attenuated","designation":[{"language":"en","value":"Varicella, live attenuated"}],"property":[{"code":"conceptclass","valueString":"Misc"},{"code":"datatype","valueString":"N/A"}]},{"code":"XM3418","display":"Yellow Fever, live attenuated","designation":[{"language":"en","value":"Yellow Fever, live attenuated"}],"property":[{"code":"conceptclass","valueString":"Misc"},{"code":"datatype","valueString":"N/A"}]},{"code":"XM5DF6","display":"COVID-19 vaccines, live attenuated virus","designation":[{"language":"en","value":"COVID-19 vaccines, live attenuated virus"}],"property":[{"code":"conceptclass","valueString":"Misc"},{"code":"datatype","valueString":"N/A"}]}]}