{"resourceType":"CodeSystem","id":"VaccineProducts","meta":{"lastUpdated":"2024-05-07T18:35:11.046828Z"},"language":"en","text":{"status":"generated","div":"<div xmlns=\"http://www.w3.org/1999/xhtml\"><p><b>Properties</b></p><p><b>This code system  defines the following properties for its concepts</b></p><table class=\"grid\"><tr><td><b>Code</b></td><td><b>URI</b></td><td><b>Type</b></td></tr><tr><td>classification</td><td>http://smart.who.int/immunizations-measles#classification</td><td>code</td></tr></table><p><b>Concepts</b></p><p>This case-sensitive code system <code>http://smart.who.int/immunizations-measles/CodeSystem/VaccineProducts</code> defines the following codes:</p><table class=\"codes\"><tr><td style=\"white-space:nowrap\"><b>Code</b></td><td><b>Display</b></td></tr><tr><td style=\"white-space:nowrap\">20009060/2<a name=\"VaccineProducts-20009060.472\"> </a></td><td>Serum Institute of India Measles vaccine</td></tr><tr><td style=\"white-space:nowrap\">7680007030014<a name=\"VaccineProducts-7680007030014\"> </a></td><td>M-M-RvaxPRO</td></tr></table></div>"},"url":"http://smart.who.int/immunizations-measles/CodeSystem/VaccineProducts","identifier":[{"type":{"coding":[{"system":"http://hl7.org/fhir/v2/0203","code":"ACSN","display":"Accession ID"}],"text":"Accession ID"},"system":"https://api.staging.openconceptlab.org","value":"/orgs/WHO-SMART-Measles-Test/CodeSystem/VaccineProducts/"}],"version":"0.1.0","name":"VaccineProducts","title":"Vaccine Product codes CodeSet","status":"draft","experimental":true,"date":"2024-05-10T17:24:11+00:00","publisher":"WHO","contact":[{"name":"WHO","telecom":[{"system":"url","value":"http://who.int"}]}],"description":"Vaccine Product codes, containing the different available products.","caseSensitive":true,"content":"complete","count":2,"property":[{"code":"conceptclass","uri":"https://api.staging.openconceptlab.org/orgs/OCL/sources/Classes/concepts","description":"Standard list of concept classes.","type":"string"},{"code":"datatype","uri":"https://api.staging.openconceptlab.org/orgs/OCL/sources/Datatypes/concepts","description":"Standard list of concept datatypes.","type":"string"},{"code":"inactive","uri":"http://hl7.org/fhir/concept-properties","description":"True if the concept is not considered active.","type":"Coding"}],"concept":[{"code":"20009060%2F2","display":"Serum Institute of India Measles vaccine","designation":[{"language":"en","value":"Serum Institute of India Measles vaccine"}],"property":[{"code":"conceptclass","valueString":"Misc"},{"code":"datatype","valueString":"N/A"}]},{"code":"7680007030014","display":"M-M-RvaxPRO","designation":[{"language":"en","value":"M-M-RvaxPRO"}],"property":[{"code":"conceptclass","valueString":"Misc"},{"code":"datatype","valueString":"N/A"}]}]}