{"resourceType":"CodeSystem","id":"IMMZ.C","meta":{"lastUpdated":"2024-05-07T18:34:57.005077Z"},"language":"en","text":{"status":"generated","div":"<div xmlns=\"http://www.w3.org/1999/xhtml\"><p>This case-insensitive code system <code>http://smart.who.int/immunizations-measles/CodeSystem/IMMZ.C</code> defines the following codes:</p><table class=\"codes\"><tr><td style=\"white-space:nowrap\"><b>Code</b></td><td><b>Display</b></td><td><b>Definition</b></td></tr><tr><td style=\"white-space:nowrap\">DE1<a name=\"IMMZ.C-DE1\"> </a></td><td>Unique identifier</td><td>Unique identifier for the client, according to the policies applicable to each country. There can be more than one unique identifier used to link records (e.g. national ID, health ID, immunization information system ID, medical record ID).</td></tr><tr><td style=\"white-space:nowrap\">DE2<a name=\"IMMZ.C-DE2\"> </a></td><td>Name</td><td>The full name of the client</td></tr><tr><td style=\"white-space:nowrap\">DE3<a name=\"IMMZ.C-DE3\"> </a></td><td>First name</td><td>Client's first name or given name</td></tr><tr><td style=\"white-space:nowrap\">DE4<a name=\"IMMZ.C-DE4\"> </a></td><td>Family name</td><td>Client's family name or last name</td></tr><tr><td style=\"white-space:nowrap\">DE5<a name=\"IMMZ.C-DE5\"> </a></td><td>Sex</td><td>Documentation of a specific instance of sex information for the client</td></tr><tr><td style=\"white-space:nowrap\">DE6<a name=\"IMMZ.C-DE6\"> </a></td><td>Male</td><td>Client's biological sex is male</td></tr><tr><td style=\"white-space:nowrap\">DE7<a name=\"IMMZ.C-DE7\"> </a></td><td>Female</td><td>Client's biological sex is female</td></tr><tr><td style=\"white-space:nowrap\">DE8<a name=\"IMMZ.C-DE8\"> </a></td><td>Biological sex not specified</td><td>Client's biological sex is not specified</td></tr><tr><td style=\"white-space:nowrap\">DE9<a name=\"IMMZ.C-DE9\"> </a></td><td>Intersex</td><td>Client's biological sex is intersex</td></tr><tr><td style=\"white-space:nowrap\">DE10<a name=\"IMMZ.C-DE10\"> </a></td><td>Date of birth</td><td>Client's date of birth (DOB) if known; if unknown, use assigned DOB for administrative purposes</td></tr><tr><td style=\"white-space:nowrap\">DE13<a name=\"IMMZ.C-DE13\"> </a></td><td>Age</td><td>The client's calculated age (presented as number of years, months, days) based on the date of birth (DOB) and the visit date</td></tr><tr><td style=\"white-space:nowrap\">DE14<a name=\"IMMZ.C-DE14\"> </a></td><td>Caregivers (multiple)</td><td>The client's caregiver (person) which could be next of kin (e.g. partner, husband, mother, sibling, etc.)</td></tr><tr><td style=\"white-space:nowrap\">DE15<a name=\"IMMZ.C-DE15\"> </a></td><td>Caregiver's full name</td><td>The full name of the client's caregiver</td></tr><tr><td style=\"white-space:nowrap\">DE16<a name=\"IMMZ.C-DE16\"> </a></td><td>Caregiver's first name</td><td>First or given name of the client's caregiver</td></tr><tr><td style=\"white-space:nowrap\">DE17<a name=\"IMMZ.C-DE17\"> </a></td><td>Caregiver's family name</td><td>Family name or last name of the client's caregiver</td></tr><tr><td style=\"white-space:nowrap\">DE18<a name=\"IMMZ.C-DE18\"> </a></td><td>Contact phone number</td><td>Client's phone number</td></tr><tr><td style=\"white-space:nowrap\">DE19<a name=\"IMMZ.C-DE19\"> </a></td><td>Administrative area</td><td>The name of the city/municipality/town/village of where the client lives</td></tr><tr><td style=\"white-space:nowrap\">DE20<a name=\"IMMZ.C-DE20\"> </a></td><td>Active health worker</td><td>Is the client an active and participating health worker. This data element is used mainly for reporting and indicators purposes.</td></tr></table></div>"},"url":"http://smart.who.int/immunizations-measles/CodeSystem/IMMZ.C","identifier":[{"type":{"coding":[{"system":"http://hl7.org/fhir/v2/0203","code":"ACSN","display":"Accession ID"}],"text":"Accession ID"},"system":"https://api.staging.openconceptlab.org","value":"/orgs/WHO-SMART-Measles-Test/CodeSystem/IMMZ.C/"}],"version":"0.1.0","name":"IMMZ_C","title":"IMMZ.C CodeSystem for Data Elements","status":"draft","experimental":false,"date":"2024-05-10T17:24:11+00:00","publisher":"WHO","contact":[{"name":"WHO","telecom":[{"system":"url","value":"http://who.int"}]}],"description":"CodeSystem for IMMZ.C Data Elements","caseSensitive":false,"content":"complete","count":18,"property":[{"code":"conceptclass","uri":"https://api.staging.openconceptlab.org/orgs/OCL/sources/Classes/concepts","description":"Standard list of concept classes.","type":"string"},{"code":"datatype","uri":"https://api.staging.openconceptlab.org/orgs/OCL/sources/Datatypes/concepts","description":"Standard list of concept datatypes.","type":"string"},{"code":"inactive","uri":"http://hl7.org/fhir/concept-properties","description":"True if the concept is not considered active.","type":"Coding"}],"concept":[{"code":"DE1","display":"Unique identifier","definition":"Unique identifier for the client, according to the policies applicable to each country. There can be more than one unique identifier used to link records (e.g. national ID, health ID, immunization information system ID, medical record ID).","designation":[{"language":"en","value":"Unique identifier"}],"property":[{"code":"conceptclass","valueString":"Misc"},{"code":"datatype","valueString":"N/A"}]},{"code":"DE2","display":"Name","definition":"The full name of the client","designation":[{"language":"en","value":"Name"}],"property":[{"code":"conceptclass","valueString":"Misc"},{"code":"datatype","valueString":"N/A"}]},{"code":"DE3","display":"First name","definition":"Client's first name or given name","designation":[{"language":"en","value":"First name"}],"property":[{"code":"conceptclass","valueString":"Misc"},{"code":"datatype","valueString":"N/A"}]},{"code":"DE4","display":"Family name","definition":"Client's family name or last name","designation":[{"language":"en","value":"Family name"}],"property":[{"code":"conceptclass","valueString":"Misc"},{"code":"datatype","valueString":"N/A"}]},{"code":"DE5","display":"Sex","definition":"Documentation of a specific instance of sex information for the client","designation":[{"language":"en","value":"Sex"}],"property":[{"code":"conceptclass","valueString":"Misc"},{"code":"datatype","valueString":"N/A"}]},{"code":"DE6","display":"Male","definition":"Client's biological sex is male","designation":[{"language":"en","value":"Male"}],"property":[{"code":"conceptclass","valueString":"Misc"},{"code":"datatype","valueString":"N/A"}]},{"code":"DE7","display":"Female","definition":"Client's biological sex is female","designation":[{"language":"en","value":"Female"}],"property":[{"code":"conceptclass","valueString":"Misc"},{"code":"datatype","valueString":"N/A"}]},{"code":"DE8","display":"Biological sex not specified","definition":"Client's biological sex is not specified","designation":[{"language":"en","value":"Biological sex not specified"}],"property":[{"code":"conceptclass","valueString":"Misc"},{"code":"datatype","valueString":"N/A"}]},{"code":"DE9","display":"Intersex","definition":"Client's biological sex is intersex","designation":[{"language":"en","value":"Intersex"}],"property":[{"code":"conceptclass","valueString":"Misc"},{"code":"datatype","valueString":"N/A"}]},{"code":"DE10","display":"Date of birth","definition":"Client's date of birth (DOB) if known; if unknown, use assigned DOB for administrative purposes","designation":[{"language":"en","value":"Date of birth"}],"property":[{"code":"conceptclass","valueString":"Misc"},{"code":"datatype","valueString":"N/A"}]},{"code":"DE13","display":"Age","definition":"The client's calculated age (presented as number of years, months, days) based on the date of birth (DOB) and the visit date","designation":[{"language":"en","value":"Age"}],"property":[{"code":"conceptclass","valueString":"Misc"},{"code":"datatype","valueString":"N/A"}]},{"code":"DE14","display":"Caregivers (multiple)","definition":"The client's caregiver (person) which could be next of kin (e.g. partner, husband, mother, sibling, etc.)","designation":[{"language":"en","value":"Caregivers (multiple)"}],"property":[{"code":"conceptclass","valueString":"Misc"},{"code":"datatype","valueString":"N/A"}]},{"code":"DE15","display":"Caregiver's full name","definition":"The full name of the client's caregiver","designation":[{"language":"en","value":"Caregiver's full name"}],"property":[{"code":"conceptclass","valueString":"Misc"},{"code":"datatype","valueString":"N/A"}]},{"code":"DE16","display":"Caregiver's first name","definition":"First or given name of the client's caregiver","designation":[{"language":"en","value":"Caregiver's first name"}],"property":[{"code":"conceptclass","valueString":"Misc"},{"code":"datatype","valueString":"N/A"}]},{"code":"DE17","display":"Caregiver's family name","definition":"Family name or last name of the client's caregiver","designation":[{"language":"en","value":"Caregiver's family name"}],"property":[{"code":"conceptclass","valueString":"Misc"},{"code":"datatype","valueString":"N/A"}]},{"code":"DE18","display":"Contact phone number","definition":"Client's phone number","designation":[{"language":"en","value":"Contact phone number"}],"property":[{"code":"conceptclass","valueString":"Misc"},{"code":"datatype","valueString":"N/A"}]},{"code":"DE19","display":"Administrative area","definition":"The name of the city/municipality/town/village of where the client lives","designation":[{"language":"en","value":"Administrative area"}],"property":[{"code":"conceptclass","valueString":"Misc"},{"code":"datatype","valueString":"N/A"}]},{"code":"DE20","display":"Active health worker","definition":"Is the client an active and participating health worker. This data element is used mainly for reporting and indicators purposes.","designation":[{"language":"en","value":"Active health worker"}],"property":[{"code":"conceptclass","valueString":"Misc"},{"code":"datatype","valueString":"N/A"}]}]}