{"resourceType":"ConceptMap","id":"IMMZD1ConceptMap","meta":{"lastUpdated":"2024-05-10T14:59:16.182735Z"},"language":"en","text":{"status":"extensions","div":"<div xmlns=\"http://www.w3.org/1999/xhtml\" xml:lang=\"en\" lang=\"en\"><p>Mapping from (not specified) to (not specified)</p><p>ACTIVE. Published on 2023-08-09 00:00:00+0000 by WHO  (WHO: <a href=\"http://who.int\">http://who.int</a>). </p><div><p>Mapping to and from IMMZ.D1 Data Dictionary to other codesystems.</p>\n</div><br/><p><b>Group 1 </b>Mapping from <a href=\"CodeSystem-IMMZ.D1.html\">IMMZ.D1 CodeSystem for Data Elements</a> to <a href=\"CodeSystem-ICD11.html\">ICD-11</a></p><table class=\"grid\"><tr><td><b>Source Code</b></td><td><b>Relationship</b></td><td><b>Target Code</b></td></tr><tr><td>DE11 (HIV-positive)</td><td>:(equivalent)</td><td>1C62.Z (Human immunodeficiency virus disease without mention of tuberculosis or malaria)</td></tr><tr><td>DE12 (HIV-negative)</td><td>:(equivalent)</td><td>QA02.Y (Medical observation or evaluation for suspected diseases or conditions, ruled out)</td></tr><tr><td>DE15 (Preterm birth)</td><td>:(equivalent)</td><td>KA21.4 (Preterm newborn)</td></tr></table><hr/><p><b>Group 2 </b>Mapping from <a href=\"CodeSystem-ICD11.html\">ICD-11</a> to <a href=\"CodeSystem-IMMZ.D1.html\">IMMZ.D1 CodeSystem for Data Elements</a></p><table class=\"grid\"><tr><td><b>Source Code</b></td><td><b>Relationship</b></td><td><b>Target Code</b></td></tr><tr><td>1C62.Z (Human immunodeficiency virus disease without mention of tuberculosis or malaria)</td><td>:(equivalent)</td><td>DE11 (HIV-positive)</td></tr><tr><td>QA02.Y (Medical observation or evaluation for suspected diseases or conditions, ruled out)</td><td>:(equivalent)</td><td>DE12 (HIV-negative)</td></tr><tr><td>KA21.4 (Preterm newborn)</td><td>:(equivalent)</td><td>DE15 (Preterm birth)</td></tr></table><hr/><p><b>Group 3 </b>Mapping from <a href=\"CodeSystem-IMMZ.D1.html\">IMMZ.D1 CodeSystem for Data Elements</a> to <a href=\"http://terminology.hl7.org/5.4.0/CodeSystem-v3-loinc.html\">Logical Observation Identifiers, Names and Codes (LOINC)</a></p><table class=\"grid\"><tr><td><b>Source Code</b></td><td><b>Relationship</b></td><td><b>Target Code</b></td></tr><tr><td>DE11 (HIV-positive)</td><td>:(equivalent)</td><td>45683-0 (HIV infection [Minimum Data Set])</td></tr><tr><td>DE10 (HIV status)</td><td>:(equivalent)</td><td>55277-8 (HIV status)</td></tr><tr><td>DE92 (Severely immunosuppressed)</td><td>:(equivalent)</td><td>96381-9 (Immune status)</td></tr><tr><td>DE15 (Preterm birth)</td><td>:(equivalent)</td><td>76517-2 (Premature infant)</td></tr><tr><td>DE19 (Vaccine type)</td><td>:(equivalent)</td><td>39236-5 (Vaccine code (CPT) CPHS)</td></tr><tr><td>DE20 (Date and time of vaccination)</td><td>:(equivalent)</td><td>30952-6 (Date and time of vaccination)</td></tr></table><hr/><p><b>Group 4 </b>Mapping from <a href=\"http://terminology.hl7.org/5.4.0/CodeSystem-v3-loinc.html\">Logical Observation Identifiers, Names and Codes (LOINC)</a> to <a href=\"CodeSystem-IMMZ.D1.html\">IMMZ.D1 CodeSystem for Data Elements</a></p><table class=\"grid\"><tr><td><b>Source Code</b></td><td><b>Relationship</b></td><td><b>Target Code</b></td></tr><tr><td>45683-0 (HIV infection [Minimum Data Set])</td><td>:(equivalent)</td><td>DE11 (HIV-positive)</td></tr><tr><td>55277-8 (HIV status)</td><td>:(equivalent)</td><td>DE10 (HIV status)</td></tr><tr><td>96381-9 (Immune status)</td><td>:(equivalent)</td><td>DE92 (Severely immunosuppressed)</td></tr><tr><td>76517-2 (Premature infant)</td><td>:(equivalent)</td><td>DE15 (Preterm birth)</td></tr><tr><td>39236-5 (Vaccine code (CPT) CPHS)</td><td>:(equivalent)</td><td>DE19 (Vaccine type)</td></tr><tr><td>30952-6 (Date and time of vaccination)</td><td>:(equivalent)</td><td>DE20 (Date and time of vaccination)</td></tr></table><hr/><p><b>Group 5 </b>Mapping from <a href=\"CodeSystem-IMMZ.D1.html\">IMMZ.D1 CodeSystem for Data Elements</a> to <a href=\"http://hl7.org/fhir/R4/codesystem-snomedct.html\">SNOMED CT (all versions)</a></p><table class=\"grid\"><tr><td><b>Source Code</b></td><td><b>Relationship</b></td><td><b>Target Code</b></td></tr><tr><td>DE12 (HIV-negative)</td><td>:(equivalent)</td><td>165815009 (HIV negative)</td></tr><tr><td>DE11 (HIV-positive)</td><td>:(equivalent)</td><td>165816005 (HIV positive)</td></tr><tr><td>DE13 (Unknown)</td><td>:(equivalent)</td><td>261665006 (Unknown)</td></tr><tr><td>DE10 (HIV status)</td><td>:(equivalent)</td><td>278977008 (HIV status)</td></tr><tr><td>DE15 (Preterm birth)</td><td>:(equivalent)</td><td>395507008 (Premature infant (finding))</td></tr></table><hr/><p><b>Group 6 </b>Mapping from <a href=\"http://hl7.org/fhir/R4/codesystem-snomedct.html\">SNOMED CT (all versions)</a> to <a href=\"CodeSystem-IMMZ.D1.html\">IMMZ.D1 CodeSystem for Data Elements</a></p><table class=\"grid\"><tr><td><b>Source Code</b></td><td><b>Relationship</b></td><td><b>Target Code</b></td></tr><tr><td>165815009 (HIV negative)</td><td>:(equivalent)</td><td>DE12 (HIV-negative)</td></tr><tr><td>165816005 (HIV positive)</td><td>:(equivalent)</td><td>DE11 (HIV-positive)</td></tr><tr><td>261665006 (Unknown)</td><td>:(equivalent)</td><td>DE13 (Unknown)</td></tr><tr><td>278977008 (HIV status)</td><td>:(equivalent)</td><td>DE10 (HIV status)</td></tr><tr><td>395507008 (Premature infant (finding))</td><td>:(equivalent)</td><td>DE15 (Preterm birth)</td></tr></table></div>"},"url":"http://smart.who.int/immunizations-measles/ConceptMap/IMMZD1ConceptMap","identifier":{"type":{"coding":[{"system":"http://hl7.org/fhir/v2/0203","code":"ACSN","display":"Accession ID"}],"text":"Accession ID"},"system":"https://api.staging.openconceptlab.org","value":"/orgs/WHO-SMART-Measles-Test/ConceptMap/IMMZD1ConceptMap/"},"version":"0.1.0","name":"IMMZ_D1_ConceptMap","title":"ConceptMap to and from IMMZ.D1 DataElements","status":"active","experimental":false,"date":"2023-08-09T00:00:00Z","publisher":"WHO","contact":[{"name":"WHO","telecom":[{"system":"url","value":"http://who.int"}]}],"description":"Mapping to and from IMMZ.D1 Data Dictionary to other codesystems.","group":[{"source":"http://smart.who.int/immunizations-measles/CodeSystem/IMMZ.D1","target":"http://id.who.int/icd/release/11/mms","element":[{"code":"DE11","target":[{"code":"1C62.Z","equivalence":"relatedto"}]},{"code":"DE12","target":[{"code":"QA02.Y","equivalence":"relatedto"}]},{"code":"DE15","target":[{"code":"KA21.4","equivalence":"relatedto"}]}]},{"source":"http://id.who.int/icd/release/11/mms","target":"http://smart.who.int/immunizations-measles/CodeSystem/IMMZ.D1","element":[{"code":"1C62.Z","target":[{"code":"DE11","equivalence":"relatedto"}]},{"code":"QA02.Y","target":[{"code":"DE12","equivalence":"relatedto"}]},{"code":"KA21.4","target":[{"code":"DE15","equivalence":"relatedto"}]}]},{"source":"http://smart.who.int/immunizations-measles/CodeSystem/IMMZ.D1","target":"http://loinc.org","element":[{"code":"DE11","target":[{"code":"45683-0","equivalence":"relatedto"}]},{"code":"DE10","target":[{"code":"55277-8","equivalence":"relatedto"}]},{"code":"DE92","target":[{"code":"96381-9","equivalence":"relatedto"}]},{"code":"DE15","target":[{"code":"76517-2","equivalence":"relatedto"}]},{"code":"DE19","target":[{"code":"39236-5","equivalence":"relatedto"}]},{"code":"DE20","target":[{"code":"30952-6","equivalence":"relatedto"}]}]},{"source":"http://loinc.org","target":"http://smart.who.int/immunizations-measles/CodeSystem/IMMZ.D1","element":[{"code":"45683-0","target":[{"code":"DE11","equivalence":"relatedto"}]},{"code":"55277-8","target":[{"code":"DE10","equivalence":"relatedto"}]},{"code":"96381-9","target":[{"code":"DE92","equivalence":"relatedto"}]},{"code":"76517-2","target":[{"code":"DE15","equivalence":"relatedto"}]},{"code":"39236-5","target":[{"code":"DE19","equivalence":"relatedto"}]},{"code":"30952-6","target":[{"code":"DE20","equivalence":"relatedto"}]}]},{"source":"http://smart.who.int/immunizations-measles/CodeSystem/IMMZ.D1","target":"http://snomed.info/sct","element":[{"code":"DE12","target":[{"code":"165815009","equivalence":"relatedto"}]},{"code":"DE11","target":[{"code":"165816005","equivalence":"relatedto"}]},{"code":"DE13","target":[{"code":"261665006","equivalence":"relatedto"}]},{"code":"DE10","target":[{"code":"278977008","equivalence":"relatedto"}]},{"code":"DE15","target":[{"code":"395507008","equivalence":"relatedto"}]}]},{"source":"http://snomed.info/sct","target":"http://smart.who.int/immunizations-measles/CodeSystem/IMMZ.D1","element":[{"code":"165815009","target":[{"code":"DE12","equivalence":"relatedto"}]},{"code":"165816005","target":[{"code":"DE11","equivalence":"relatedto"}]},{"code":"261665006","target":[{"code":"DE13","equivalence":"relatedto"}]},{"code":"278977008","target":[{"code":"DE10","equivalence":"relatedto"}]},{"code":"395507008","target":[{"code":"DE15","equivalence":"relatedto"}]}]}]}