{"resourceType":"ValueSet","id":"PositiveTestResult-values","meta":{"lastUpdated":"2024-05-07T18:35:49.640266Z"},"text":{"status":"generated","div":"<div xmlns=\"http://www.w3.org/1999/xhtml\"><ul><li>Include these codes as defined in <a href=\"http://www.snomed.org/\"><code>http://snomed.info/sct</code></a><table class=\"none\"><tr><td style=\"white-space:nowrap\"><b>Code</b></td><td><b>Display</b></td></tr><tr><td><a href=\"http://snomed.info/id/10828004\">10828004</a></td><td>Positive (qualifier value)</td></tr></table></li></ul></div>"},"url":"http://smart.who.int/immunizations-measles/ValueSet/PositiveTestResult-values","identifier":[{"type":{"coding":[{"system":"http://hl7.org/fhir/v2/0203","code":"ACSN","display":"Accession ID"}],"text":"Accession ID"},"system":"https://api.staging.openconceptlab.org","value":"/orgs/WHO-SMART-Measles-Test/ValueSet/PositiveTestResult-values/"}],"version":"0.1.0","name":"PositiveTestResultvalues","title":"Positive Test Result valuest","status":"draft","experimental":false,"date":"2024-03-30T08:20:30Z","publisher":"WHO","contact":[{"name":"WHO","telecom":[{"system":"url","value":"http://who.int"}]}],"description":"Codes representing Positive Test Result values","immutable":true,"compose":{"include":[{"system":"http://snomed.info/sct","concept":[{"code":"10828004","display":"Positive (qualifier value)"}]}]}}