{"resourceType":"ValueSet","id":"AllVaccineTypes","meta":{"lastUpdated":"2024-05-07T19:54:00.418190Z"},"text":{"status":"generated","div":"<div xmlns=\"http://www.w3.org/1999/xhtml\"><p>This value set includes codes based on the following rules:</p><ul><li>Include codes from <a href=\"CodeSystem-ICD11.html\"><code>http://id.who.int/icd/release/11/mms</code></a> where parent  =  <a href=\"CodeSystem-ICD11.html#ICD11-XM28X5\">XM28X5</a></li><li>Include these codes as defined in <a href=\"CodeSystem-ICD11.html\"><code>http://id.who.int/icd/release/11/mms</code></a><table class=\"none\"><tr><td style=\"white-space:nowrap\"><b>Code</b></td><td><b>Display</b></td></tr><tr><td><a href=\"CodeSystem-ICD11.html#ICD11-XM28X5\">XM28X5</a></td><td style=\"color: #cccccc\">Measles vaccines</td></tr><tr><td><a href=\"CodeSystem-ICD11.html#ICD11-XM1131\">XM1131</a></td><td style=\"color: #cccccc\">Mumps vaccines</td></tr></table></li><li>Include codes from <a href=\"CodeSystem-ICD11.html\"><code>http://id.who.int/icd/release/11/mms</code></a> where parent  =  <a href=\"CodeSystem-ICD11.html#ICD11-XM1131\">XM1131</a></li><li>Include these codes as defined in <a href=\"http://loinc.org\"><code>http://loinc.org</code></a><table class=\"none\"><tr><td style=\"white-space:nowrap\"><b>Code</b></td><td><b>Display</b></td></tr><tr><td><a href=\"https://loinc.org/30940-1/\">30940-1</a></td><td>Measles virus+Mumps virus+Rubella virus dose count in combination vaccine</td></tr></table></li><li>Include these codes as defined in <a href=\"http://www.snomed.org/\"><code>http://snomed.info/sct</code></a><table class=\"none\"><tr><td style=\"white-space:nowrap\"><b>Code</b></td><td><b>Display</b></td></tr><tr><td><a href=\"http://snomed.info/id/836382004\">836382004</a></td><td>Measles morbillivirus antigen-containing vaccine product</td></tr></table></li></ul></div>"},"url":"http://smart.who.int/immunizations-measles/ValueSet/AllVaccineTypes","identifier":[{"type":{"coding":[{"system":"http://hl7.org/fhir/v2/0203","code":"ACSN","display":"Accession ID"}],"text":"Accession ID"},"system":"https://api.staging.openconceptlab.org","value":"/orgs/WHO-SMART-Measles-Test/ValueSet/AllVaccineTypes/"}],"version":"0.1.0","name":"AllVaccineTypes","title":"Vaccine Type ValueSet","status":"draft","experimental":false,"date":"2024-03-30T08:20:30Z","publisher":"WHO","contact":[{"name":"WHO","telecom":[{"system":"url","value":"http://who.int"}]}],"description":"Vaccine type Codes, containing the different types of antigens used in vaccine guidelines.","compose":{"include":[{"system":"http://loinc.org","concept":[{"code":"30940-1","display":"Measles virus+Mumps virus+Rubella virus dose count in combination vaccine"}]},{"system":"http://snomed.info/sct","concept":[{"code":"836382004","display":"Measles morbillivirus antigen-containing vaccine product"}]},{"system":"/orgs/WHO-SMART-Measles-Test/ValueSet/ICD11/","concept":[{"code":"XM2340"},{"code":"XM4AJ8"},{"code":"XM21H2"},{"code":"XM8TF3"},{"code":"XM9439"},{"code":"XM8L15"},{"code":"XM1131"},{"code":"XM28X5"}]}]}}