{
  "resourceType" : "ConceptMap",
  "id" : "IMMZCConceptMap",
  "meta" : {
    "lastUpdated" : "2024-05-10T14:59:02.187369Z"
  },
  "language" : "en",
  "text" : {
    "status" : "extensions",
    "div" : "<div xmlns=\"http://www.w3.org/1999/xhtml\" xml:lang=\"en\" lang=\"en\"><p>Mapping from (not specified) to (not specified)</p><p>ACTIVE. Published on 2023-08-04 00:00:00+0000 by WHO  (WHO: <a href=\"http://who.int\">http://who.int</a>). </p><div><p>Mapping to and from IMMZ.C Data Dictionary to other codesystems.</p>\n</div><br/><p><b>Group 1 </b>Mapping from <a href=\"CodeSystem-IMMZ.C.html\">IMMZ.C CodeSystem for Data Elements</a> to <a href=\"CodeSystem-ICD11.html\">ICD-11</a></p><table class=\"grid\"><tr><td><b>Source Code</b></td><td><b>Relationship</b></td><td><b>Target Code</b></td></tr><tr><td>DE6 (Male)</td><td>:(equivalent)</td><td>XX2UQ8 (Male)</td></tr><tr><td>DE7 (Female)</td><td>:(equivalent)</td><td>XX2V25 (Female)</td></tr><tr><td>DE8 (Biological sex not specified)</td><td>:(equivalent)</td><td>XX2PX3 (Biological sex not specified)</td></tr><tr><td>DE9 (Intersex)</td><td>:(equivalent)</td><td>XX45B7 (Intersex)</td></tr></table><hr/><p><b>Group 2 </b>Mapping from <a href=\"CodeSystem-ICD11.html\">ICD-11</a> to <a href=\"CodeSystem-IMMZ.C.html\">IMMZ.C CodeSystem for Data Elements</a></p><table class=\"grid\"><tr><td><b>Source Code</b></td><td><b>Relationship</b></td><td><b>Target Code</b></td></tr><tr><td>XX2UQ8 (Male)</td><td>:(equivalent)</td><td>DE6 (Male)</td></tr><tr><td>XX2V25 (Female)</td><td>:(equivalent)</td><td>DE7 (Female)</td></tr><tr><td>XX2PX3 (Biological sex not specified)</td><td>:(equivalent)</td><td>DE8 (Biological sex not specified)</td></tr><tr><td>XX45B7 (Intersex)</td><td>:(equivalent)</td><td>DE9 (Intersex)</td></tr></table><hr/><p><b>Group 3 </b>Mapping from <a href=\"CodeSystem-IMMZ.C.html\">IMMZ.C CodeSystem for Data Elements</a> to <a href=\"http://terminology.hl7.org/5.4.0/CodeSystem-v3-loinc.html\">Logical Observation Identifiers, Names and Codes (LOINC)</a></p><table class=\"grid\"><tr><td><b>Source Code</b></td><td><b>Relationship</b></td><td><b>Target Code</b></td></tr><tr><td>DE2 (Name)</td><td>:(equivalent)</td><td>54125-0 (Patient name)</td></tr><tr><td>DE3 (First name)</td><td>:(equivalent)</td><td>45392-8 (Patient First (Given) name)</td></tr><tr><td>DE4 (Family name)</td><td>:(equivalent)</td><td>45394-4 (Patient Last (Family) name)</td></tr><tr><td>DE5 (Sex)</td><td>:(equivalent)</td><td>46098-0 (Sex)</td></tr><tr><td>DE10 (Date of birth)</td><td>:(equivalent)</td><td>21112-8 (Birth date)</td></tr><tr><td>DE13 (Age)</td><td>:(equivalent)</td><td>63900-5 (Current age or age at death)</td></tr><tr><td>DE18 (Contact phone number)</td><td>:(equivalent)</td><td>42077-8 (Patient phone number)</td></tr><tr><td>DE19 (Administrative area)</td><td>:(equivalent)</td><td>56799-0 (Address)</td></tr></table><hr/><p><b>Group 4 </b>Mapping from <a href=\"CodeSystem-IMMZ.C.html\">IMMZ.C CodeSystem for Data Elements</a> to <a href=\"http://hl7.org/fhir/R4/codesystem-snomedct.html\">SNOMED CT (all versions)</a></p><table class=\"grid\"><tr><td><b>Source Code</b></td><td><b>Relationship</b></td><td><b>Target Code</b></td></tr><tr><td>DE2 (Name)</td><td>:(equivalent)</td><td>371484003 (Patient name (observable entity))</td></tr><tr><td>DE3 (First name)</td><td>:(equivalent)</td><td>184095009 (Patient forename)</td></tr><tr><td>DE4 (Family name)</td><td>:(equivalent)</td><td>184096005 (Patient surname)</td></tr><tr><td>DE5 (Sex)</td><td>:(equivalent)</td><td>184100006 (Patient sex)</td></tr><tr><td>DE6 (Male)</td><td>:(equivalent)</td><td>248153007 (Male)</td></tr><tr><td>DE7 (Female)</td><td>:(equivalent)</td><td>248152002 (Female)</td></tr><tr><td>DE8 (Biological sex not specified)</td><td>:(equivalent)</td><td>772004004 (Non-binary gender (finding))</td></tr><tr><td>DE9 (Intersex)</td><td>:(equivalent)</td><td>15867007 (Intersexuality)</td></tr><tr><td>DE10 (Date of birth)</td><td>:(equivalent)</td><td>184099003 (Date of birth)</td></tr><tr><td>DE14 (Caregivers (multiple))</td><td>:(equivalent)</td><td>184140000 (Carer's details)</td></tr><tr><td>DE15 (Caregiver's full name)</td><td>:(equivalent)</td><td>184140000 (Carer's details)</td></tr><tr><td>DE18 (Contact phone number)</td><td>:(equivalent)</td><td>184103008 (Patient telephone number)</td></tr><tr><td>DE19 (Administrative area)</td><td>:(equivalent)</td><td>184097001 (Patient address)</td></tr></table><hr/><p><b>Group 5 </b>Mapping from <a href=\"http://hl7.org/fhir/R4/codesystem-snomedct.html\">SNOMED CT (all versions)</a> to <a href=\"CodeSystem-IMMZ.C.html\">IMMZ.C CodeSystem for Data Elements</a></p><table class=\"grid\"><tr><td><b>Source Code</b></td><td><b>Relationship</b></td><td><b>Target Code</b></td></tr><tr><td>248153007 (Male)</td><td>:(equivalent)</td><td>DE6 (Male)</td></tr><tr><td>248152002 (Female)</td><td>:(equivalent)</td><td>DE7 (Female)</td></tr><tr><td>772004004 (Non-binary gender (finding))</td><td>:(equivalent)</td><td>DE8 (Biological sex not specified)</td></tr><tr><td>15867007 (Intersexuality)</td><td>:(equivalent)</td><td>DE9 (Intersex)</td></tr></table></div>"
  },
  "url" : "http://smart.who.int/immunizations-measles/ConceptMap/IMMZCConceptMap",
  "identifier" : {
    "type" : {
      "coding" : [{
        "system" : "http://hl7.org/fhir/v2/0203",
        "code" : "ACSN",
        "display" : "Accession ID"
      }],
      "text" : "Accession ID"
    },
    "system" : "https://api.staging.openconceptlab.org",
    "value" : "/orgs/WHO-SMART-Measles-Test/ConceptMap/IMMZCConceptMap/"
  },
  "version" : "0.1.0",
  "name" : "IMMZ_C_ConceptMap",
  "title" : "ConceptMap to and from IMMZ.C DataElements",
  "status" : "active",
  "experimental" : false,
  "date" : "2023-08-04T00:00:00Z",
  "publisher" : "WHO",
  "contact" : [{
    "name" : "WHO",
    "telecom" : [{
      "system" : "url",
      "value" : "http://who.int"
    }]
  }],
  "description" : "Mapping to and from IMMZ.C Data Dictionary to other codesystems.",
  "group" : [{
    "source" : "http://smart.who.int/immunizations-measles/CodeSystem/IMMZ.C",
    "target" : "http://id.who.int/icd/release/11/mms",
    "element" : [{
      "code" : "DE6",
      "target" : [{
        "code" : "XX2UQ8",
        "equivalence" : "relatedto"
      }]
    },
    {
      "code" : "DE7",
      "target" : [{
        "code" : "XX2V25",
        "equivalence" : "relatedto"
      }]
    },
    {
      "code" : "DE8",
      "target" : [{
        "code" : "XX2PX3",
        "equivalence" : "relatedto"
      }]
    },
    {
      "code" : "DE9",
      "target" : [{
        "code" : "XX45B7",
        "equivalence" : "relatedto"
      }]
    }]
  },
  {
    "source" : "http://id.who.int/icd/release/11/mms",
    "target" : "http://smart.who.int/immunizations-measles/CodeSystem/IMMZ.C",
    "element" : [{
      "code" : "XX2UQ8",
      "target" : [{
        "code" : "DE6",
        "equivalence" : "relatedto"
      }]
    },
    {
      "code" : "XX2V25",
      "target" : [{
        "code" : "DE7",
        "equivalence" : "relatedto"
      }]
    },
    {
      "code" : "XX2PX3",
      "target" : [{
        "code" : "DE8",
        "equivalence" : "relatedto"
      }]
    },
    {
      "code" : "XX45B7",
      "target" : [{
        "code" : "DE9",
        "equivalence" : "relatedto"
      }]
    }]
  },
  {
    "source" : "http://smart.who.int/immunizations-measles/CodeSystem/IMMZ.C",
    "target" : "http://loinc.org",
    "element" : [{
      "code" : "DE2",
      "target" : [{
        "code" : "54125-0",
        "equivalence" : "relatedto"
      }]
    },
    {
      "code" : "DE3",
      "target" : [{
        "code" : "45392-8",
        "equivalence" : "relatedto"
      }]
    },
    {
      "code" : "DE4",
      "target" : [{
        "code" : "45394-4",
        "equivalence" : "relatedto"
      }]
    },
    {
      "code" : "DE5",
      "target" : [{
        "code" : "46098-0",
        "equivalence" : "relatedto"
      }]
    },
    {
      "code" : "DE10",
      "target" : [{
        "code" : "21112-8",
        "equivalence" : "relatedto"
      }]
    },
    {
      "code" : "DE13",
      "target" : [{
        "code" : "63900-5",
        "equivalence" : "relatedto"
      }]
    },
    {
      "code" : "DE18",
      "target" : [{
        "code" : "42077-8",
        "equivalence" : "relatedto"
      }]
    },
    {
      "code" : "DE19",
      "target" : [{
        "code" : "56799-0",
        "equivalence" : "relatedto"
      }]
    }]
  },
  {
    "source" : "http://smart.who.int/immunizations-measles/CodeSystem/IMMZ.C",
    "target" : "http://snomed.info/sct",
    "element" : [{
      "code" : "DE2",
      "target" : [{
        "code" : "371484003",
        "equivalence" : "relatedto"
      }]
    },
    {
      "code" : "DE3",
      "target" : [{
        "code" : "184095009",
        "equivalence" : "relatedto"
      }]
    },
    {
      "code" : "DE4",
      "target" : [{
        "code" : "184096005",
        "equivalence" : "relatedto"
      }]
    },
    {
      "code" : "DE5",
      "target" : [{
        "code" : "184100006",
        "equivalence" : "relatedto"
      }]
    },
    {
      "code" : "DE6",
      "target" : [{
        "code" : "248153007",
        "equivalence" : "relatedto"
      }]
    },
    {
      "code" : "DE7",
      "target" : [{
        "code" : "248152002",
        "equivalence" : "relatedto"
      }]
    },
    {
      "code" : "DE8",
      "target" : [{
        "code" : "772004004",
        "equivalence" : "relatedto"
      }]
    },
    {
      "code" : "DE9",
      "target" : [{
        "code" : "15867007",
        "equivalence" : "relatedto"
      }]
    },
    {
      "code" : "DE10",
      "target" : [{
        "code" : "184099003",
        "equivalence" : "relatedto"
      }]
    },
    {
      "code" : "DE14",
      "target" : [{
        "code" : "184140000",
        "equivalence" : "relatedto"
      }]
    },
    {
      "code" : "DE15",
      "target" : [{
        "code" : "184140000",
        "equivalence" : "relatedto"
      }]
    },
    {
      "code" : "DE18",
      "target" : [{
        "code" : "184103008",
        "equivalence" : "relatedto"
      }]
    },
    {
      "code" : "DE19",
      "target" : [{
        "code" : "184097001",
        "equivalence" : "relatedto"
      }]
    }]
  },
  {
    "source" : "http://snomed.info/sct",
    "target" : "http://smart.who.int/immunizations-measles/CodeSystem/IMMZ.C",
    "element" : [{
      "code" : "248153007",
      "target" : [{
        "code" : "DE6",
        "equivalence" : "relatedto"
      }]
    },
    {
      "code" : "248152002",
      "target" : [{
        "code" : "DE7",
        "equivalence" : "relatedto"
      }]
    },
    {
      "code" : "772004004",
      "target" : [{
        "code" : "DE8",
        "equivalence" : "relatedto"
      }]
    },
    {
      "code" : "15867007",
      "target" : [{
        "code" : "DE9",
        "equivalence" : "relatedto"
      }]
    }]
  }]
}